,level_0,index,up_count,down_count,total_count,polar_score,polarity
0,2,물가/NNG;안정/NNG,527.0,357.0,884.0,1.373466509914274,Hawkish
1,6,인플레이션/NNG;압력/NNG,302.0,174.0,476.0,1.6148543948602754,Hawkish
2,20,인플레이션/NNG;억제/NNG,227.0,104.0,331.0,2.0308048550748588,Hawkish
3,23,물가/NNG;상승/NNG;압력/NNG,221.0,128.0,349.0,1.6064158448871335,Hawkish
4,29,유료뉴스/NNG;시장/NNG;플러스/NNG,187.0,117.0,304.0,1.4870700260362157,Hawkish
5,30,콜/NNG;인상/NNG,180.0,71.0,251.0,2.3587930065769904,Hawkish
6,36,하락/NNG;제한/NNG,161.0,98.0,259.0,1.5285353094207244,Hawkish
7,40,물가/NNG;불안/NNG,143.0,79.0,222.0,1.6841649364118274,Hawkish
8,43,통화/NNG;긴축/NNG,138.0,83.0,221.0,1.5469513974860345,Hawkish
9,46,수출/NNG;호조/NNG,134.0,73.0,207.0,1.7078810247011786,Hawkish
10,48,인상/NNG;없/VA,132.0,81.0,213.0,1.5162282618408471,Hawkish
11,49,통안채/NNG;오르/VV,130.0,78.0,208.0,1.550687995064503,Hawkish
12,56,집값/NNG;상승/NNG,123.0,68.0,191.0,1.6829525593494163,Hawkish
13,57,인플레이션/NNG;위험/NNG,122.0,61.0,183.0,1.8608255940774037,Hawkish
14,63,인플레이션/NNG;상승/NNG,116.0,83.0,199.0,1.3003359573071014,Hawkish
15,65,실적/NNG;호조/NNG,114.0,70.0,184.0,1.5152436980344572,Hawkish
16,69,부동산/NNG;거품/NNG,110.0,71.0,181.0,1.441484615130383,Hawkish
17,74,인상/NNG;가능성/NNG;높/VA,106.0,71.0,177.0,1.3890669927620056,Hawkish
18,75,유가/NNG;급등/NNG,105.0,70.0,175.0,1.3956191955580528,Hawkish
19,77,가격/NNG;안정/NNG,105.0,58.0,163.0,1.6843679946390289,Hawkish
20,80,서브프라임/NNG;부실/NNG,104.0,56.0,160.0,1.727909480214732,Hawkish
21,95,인상/NNG;부담/NNG,98.0,45.0,143.0,2.0262323135509503,Hawkish
22,97,인상/NNG;효과/NNG,92.0,44.0,136.0,1.9454085756263766,Hawkish
23,105,예상/NNG;하회/NNG,88.0,52.0,140.0,1.5745447334501108,Hawkish
24,111,높/VA;인상/NNG,87.0,30.0,117.0,2.6981971114122354,Hawkish
25,114,가격/NNG;인상/NNG,86.0,56.0,142.0,1.4288482240237206,Hawkish
26,120,대출/NNG;부담/NNG,83.0,49.0,132.0,1.5760053500859643,Hawkish
27,122,하방/NNG;경직/NNG,82.0,42.0,124.0,1.8165202227898465,Hawkish
28,124,부동산/NNG;안정/NNG,81.0,55.0,136.0,1.370244301093361,Hawkish
29,127,물가/NNG;압력/NNG,80.0,44.0,124.0,1.6916596309794576,Hawkish
30,134,국고채/NNG;낮/VA,79.0,56.0,135.0,1.3125466243938828,Hawkish
31,135,회복/NNG;둔화/NNG,78.0,34.0,112.0,2.134476416735845,Hawkish
32,137,유동성/NNG;흡수/NNG,77.0,48.0,125.0,1.492537195249584,Hawkish
33,140,개선/NNG;추세/NNG,77.0,50.0,127.0,1.4328357074396008,Hawkish
34,141,주택시장/NNG;침체/NNG,77.0,36.0,113.0,1.990049593666112,Hawkish
35,151,물가/NNG;잡/VV,73.0,45.0,118.0,1.509336315196116,Hawkish
36,153,소비/NNG;증가/NNG,72.0,51.0,123.0,1.3135239487605201,Hawkish
37,154,예상/NNG;많/VA,72.0,37.0,109.0,1.8105330104536899,Hawkish
38,163,하락/NNG;우려/NNG,70.0,43.0,113.0,1.514625483551375,Hawkish
39,166,가격/NNG;거품/NNG,68.0,45.0,113.0,1.4059571155251493,Hawkish
40,175,부동산/NNG;과열/NNG,67.0,40.0,107.0,1.5584414350398255,Hawkish
41,176,인상/NNG;가능성/NNG;크/VV,66.0,38.0,104.0,1.615980121172482,Hawkish
42,179,둔화/NNG;조짐/NNG,66.0,44.0,110.0,1.3956191955580526,Hawkish
43,193,인상/NNG;가능성/NNG;낮/VA,62.0,31.0,93.0,1.8608255940774039,Hawkish
44,194,집값/NNG;오르/VV,61.0,33.0,94.0,1.7198539581624486,Hawkish
45,196,유동성/NNG;증가/NNG,60.0,31.0,91.0,1.8007989620103908,Hawkish
46,199,생산성/NNG;향상/NNG,60.0,39.0,99.0,1.4314043031364645,Hawkish
47,202,인상/NNG;압박/NNG,59.0,30.0,89.0,1.8298118341761138,Hawkish
48,205,신용경색/NNG;우려/NNG,59.0,22.0,81.0,2.4951979556947004,Hawkish
49,206,인상/NNG;반대/NNG,59.0,39.0,98.0,1.4075475647508566,Hawkish
50,212,부동산/NNG;가격/NNG;급등/NNG,58.0,40.0,98.0,1.3490985557061177,Hawkish
51,214,인플레이션/NNG;압력/NNG;높/VA,57.0,38.0,95.0,1.3956191955580528,Hawkish
52,215,인상/NNG;압력/NNG,57.0,34.0,91.0,1.559809689153118,Hawkish
53,225,통화정책/NNG;긴축/NNG,55.0,32.0,87.0,1.5991469949102686,Hawkish
54,228,긴축/NNG;우려/NNG,54.0,17.0,71.0,2.9554288847111705,Hawkish
55,233,플러스/NNG;성장/NNG,54.0,31.0,85.0,1.6207190658093515,Hawkish
56,238,국고채/NNG;오르/VV;국고채/NNG;상승/NNG,53.0,26.0,79.0,1.8966107016558154,Hawkish
57,241,인플레이션/NNG;압박/NNG,52.0,19.0,71.0,2.546392918211184,Hawkish
58,243,회복/NNG;추세/NNG,51.0,21.0,72.0,2.259573935665419,Hawkish
59,244,gdp/NNG;증가/NNG,51.0,18.0,69.0,2.6361695916096552,Hawkish
60,245,인플레이션/NNG;잡/VV,51.0,20.0,71.0,2.3725526324486896,Hawkish
61,256,최저/NNG;인상/NNG,50.0,30.0,80.0,1.5506879950645032,Hawkish
62,260,집값/NNG;안정/NNG,50.0,34.0,84.0,1.3682541132922086,Hawkish
63,270,녹록/NNG;않/VX,48.0,34.0,82.0,1.3135239487605201,Hawkish
64,276,부동산/NNG;가격/NNG;안정/NNG,48.0,33.0,81.0,1.3533277047835661,Hawkish
65,280,타격/NNG;줄/VV,48.0,33.0,81.0,1.3533277047835661,Hawkish
66,284,국제/NNG;유가/NNG;급락/NNG,47.0,27.0,74.0,1.6196074615118141,Hawkish
67,285,대출/NNG;급증/NNG,47.0,27.0,74.0,1.6196074615118141,Hawkish
68,286,물가/NNG;인상/NNG,47.0,31.0,78.0,1.410625853574806,Hawkish
69,288,인상/NNG;쉽/VA;않/VX,47.0,25.0,72.0,1.7491760584327594,Hawkish
70,290,국고채/NNG;오르/VV;국고채/NNG;오르/VV,46.0,24.0,70.0,1.7832911943241785,Hawkish
71,296,대출/NNG;제한/NNG,46.0,27.0,73.0,1.5851477282881588,Hawkish
72,298,인상/NNG;그치/VV,45.0,30.0,75.0,1.3956191955580528,Hawkish
73,299,유동성/NNG;축소/NNG,45.0,30.0,75.0,1.3956191955580528,Hawkish
74,302,심리/NNG;부담/NNG,45.0,23.0,68.0,1.8203728637713732,Hawkish
75,303,물가/NNG;억제/NNG,45.0,32.0,77.0,1.3083929958356744,Hawkish
76,304,경제/NNG;호조/NNG,44.0,26.0,70.0,1.5745447334501108,Hawkish
77,305,우려/NNG;인상/NNG,44.0,28.0,72.0,1.4620772524893886,Hawkish
78,306,인플레이션/NNG;압력/NNG;완화/NNG,44.0,15.0,59.0,2.7292108713135255,Hawkish
79,309,실적/NNG;모멘텀/NNG,43.0,13.0,56.0,3.0775192517433982,Hawkish
80,312,둔화/NNG;우려/NNG;크/VV,43.0,27.0,70.0,1.4817685286171918,Hawkish
81,317,절상/NNG;압력/NNG,43.0,28.0,71.0,1.4288482240237206,Hawkish
82,323,심리/NNG;확산/NNG,42.0,29.0,71.0,1.347494395711223,Hawkish
83,326,순이익/NNG;오르/VV,42.0,30.0,72.0,1.3025779158541826,Hawkish
84,330,대출/NNG;부실/NNG,42.0,29.0,71.0,1.347494395711223,Hawkish
85,333,경제/NNG;인상/NNG,41.0,23.0,64.0,1.658561942547251,Hawkish
86,334,호조/NNG;상승/NNG,41.0,29.0,70.0,1.3154111958133368,Hawkish
87,336,인플레이션/NNG;압력/NNG;크/VV,41.0,15.0,56.0,2.543128311905785,Hawkish
88,339,위험/NNG;낮/VA,41.0,23.0,64.0,1.658561942547251,Hawkish
89,340,부진/NNG;우려/NNG,41.0,26.0,67.0,1.4671894107148757,Hawkish
90,342,집값/NNG;급등/NNG,40.0,11.0,51.0,3.383319261958915,Hawkish
91,344,심리/NNG;불안/NNG,40.0,25.0,65.0,1.4886604752619228,Hawkish
92,352,수요/NNG;압력/NNG,40.0,13.0,53.0,2.8628086062729285,Hawkish
93,354,물가/NNG;상승/NNG;압력/NNG;높/VA,40.0,20.0,60.0,1.8608255940774034,Hawkish
94,355,인상/NNG;긴축/NNG,40.0,14.0,54.0,2.6583222772534336,Hawkish
95,360,인상/NNG;나/VV;않/VX,39.0,15.0,54.0,2.4190732723006247,Hawkish
96,361,하락/NNG;부담/NNG,39.0,23.0,62.0,1.57765648193519,Hawkish
97,362,인상/NNG;종결/NNG,39.0,10.0,49.0,3.6286099084509367,Hawkish
98,371,인상/NNG;가능성/NNG;높/VV,38.0,15.0,53.0,2.357045752498045,Hawkish
99,377,인상/NNG;속도/NNG;늦/VV,37.0,12.0,49.0,2.8687727908693303,Hawkish
100,381,물가/NNG;높/VA,37.0,17.0,54.0,2.0250160876724688,Hawkish
101,385,인플레이션/NNG;부담/NNG,37.0,26.0,63.0,1.3240489804012294,Hawkish
102,390,인상/NNG;종료/NNG,37.0,8.0,45.0,4.303159186303996,Hawkish
103,391,둔화/NNG;추세/NNG,37.0,24.0,61.0,1.4343863954346652,Hawkish
104,392,신용등급/NNG;하락/NNG,37.0,26.0,63.0,1.3240489804012294,Hawkish
105,396,실적/NNG;회복/NNG,36.0,20.0,56.0,1.6747430346696632,Hawkish
106,398,경제/NNG;과열/NNG,36.0,24.0,60.0,1.3956191955580526,Hawkish
107,401,글로벌/NNG;경제/NNG;회복/NNG,36.0,22.0,58.0,1.522493667881512,Hawkish
108,402,내수/NNG;확대/NNG,36.0,18.0,54.0,1.8608255940774037,Hawkish
109,405,위험/NNG;확대/NNG,36.0,25.0,61.0,1.3397944277357305,Hawkish
110,408,많/VA;인상/NNG,35.0,16.0,51.0,2.03527799352216,Hawkish
111,417,대출/NNG;규제/NNG;강화/NNG,35.0,22.0,57.0,1.4802021771070255,Hawkish
112,418,채산성/NNG;악화/NNG,35.0,20.0,55.0,1.6282223948177281,Hawkish
113,419,대출/NNG;어렵/VA,34.0,16.0,50.0,1.9771271937072412,Hawkish
114,420,경제/NNG;확장/NNG,34.0,24.0,58.0,1.3180847958048274,Hawkish
115,422,cd/NNG;상승/NNG,34.0,20.0,54.0,1.581701754965793,Hawkish
116,425,세계/NNG;경제/NNG;불확실성/NNG,34.0,19.0,53.0,1.6649492157534664,Hawkish
117,426,하락/NNG;줄/VV,34.0,21.0,55.0,1.5063826237769458,Hawkish
118,427,통화/NNG;절상/NNG,34.0,20.0,54.0,1.581701754965793,Hawkish
119,428,과열/NNG;억제/NNG,34.0,17.0,51.0,1.8608255940774037,Hawkish
120,430,시스템/NNG;안정/NNG,34.0,24.0,58.0,1.3180847958048274,Hawkish
121,431,위축/NNG;우려/NNG,34.0,20.0,54.0,1.581701754965793,Hawkish
122,432,판매/NNG;부진/NNG,34.0,18.0,52.0,1.7574463944064367,Hawkish
123,434,유가/NNG;안정/NNG,34.0,21.0,55.0,1.5063826237769458,Hawkish
124,435,예상/NNG;상승/NNG,34.0,21.0,55.0,1.5063826237769458,Hawkish
125,439,둔화/NNG;위험/NNG,33.0,15.0,48.0,2.046908153485144,Hawkish
126,441,소비/NNG;부담/NNG,33.0,21.0,54.0,1.4620772524893886,Hawkish
127,443,높/VA;증가/NNG,33.0,22.0,55.0,1.3956191955580526,Hawkish
128,445,은행/NNG;위험/NNG,33.0,20.0,53.0,1.535181115113858,Hawkish
129,449,인플레이션/NNG;완화/NNG,33.0,21.0,54.0,1.4620772524893886,Hawkish
130,450,달러엔/NNG;상승/NNG,32.0,16.0,48.0,1.8608255940774034,Hawkish
131,458,인상/NNG;멈추/VV,32.0,17.0,49.0,1.7513652650140268,Hawkish
132,462,실업률/NNG;낮/VA,32.0,22.0,54.0,1.3533277047835661,Hawkish
133,463,닷컴/NNG;거품/NNG,32.0,11.0,43.0,2.7066554095671322,Hawkish
134,467,주택/NNG;거래/NNG;활성화/NNG,32.0,15.0,47.0,1.9848806336825637,Hawkish
135,468,주택/NNG;둔화/NNG,31.0,15.0,46.0,1.922853113879984,Hawkish
136,470,대출/NNG;억제/NNG,31.0,19.0,50.0,1.5180419320105136,Hawkish
137,471,국채/NNG;가격/NNG;오르/VV,31.0,22.0,53.0,1.3110362140090799,Hawkish
138,473,수요/NNG;높/VA,31.0,21.0,52.0,1.3734665099142742,Hawkish
139,474,수입/NNG;늘/VV,31.0,17.0,48.0,1.6966351004823388,Hawkish
140,475,인플레이션/NNG;가속/NNG,31.0,13.0,44.0,2.21867666986152,Hawkish
141,480,인상/NNG;추세/NNG,31.0,17.0,48.0,1.6966351004823388,Hawkish
142,482,국고채/NNG;오르/VV;상승/NNG,31.0,18.0,49.0,1.6023775948999865,Hawkish
143,493,국채선물시장/NNG;하락/NNG,30.0,21.0,51.0,1.329161138626717,Hawkish
144,494,부동산/NNG;위축/NNG,30.0,14.0,44.0,1.9937417079400752,Hawkish
145,496,우려/NNG;덜/VV,30.0,18.0,48.0,1.550687995064503,Hawkish
146,498,최대/NNG;확대/NNG,30.0,17.0,47.0,1.6419049359506503,Hawkish
147,501,강하/VA;성장/NNG,30.0,17.0,47.0,1.6419049359506503,Hawkish
148,505,순이익/NNG;늘/VV,30.0,21.0,51.0,1.329161138626717,Hawkish
149,506,물가/NNG;상승/NNG;압력/NNG;크/VV,30.0,18.0,48.0,1.550687995064503,Hawkish
150,512,민평/NNG;높/VA,29.0,17.0,46.0,1.5871747714189621,Hawkish
151,517,비용/NNG;높/VA,29.0,19.0,48.0,1.420103742848545,Hawkish
152,521,하락/NNG;효과/NNG,29.0,19.0,48.0,1.420103742848545,Hawkish
153,522,집값/NNG;잡/VV,29.0,17.0,46.0,1.5871747714189621,Hawkish
154,526,주택담보대출/NNG;급증/NNG,29.0,15.0,44.0,1.7987980742748237,Hawkish
155,535,수요/NNG;억제/NNG,28.0,16.0,44.0,1.6282223948177281,Hawkish
156,536,소매/NNG;판매/NNG;증가/NNG,28.0,17.0,45.0,1.5324446068872737,Hawkish
157,537,민간/NNG;소비/NNG;회복/NNG,28.0,13.0,41.0,2.0039660243910498,Hawkish
158,539,주택담보대출/NNG;규제/NNG;강화/NNG,28.0,11.0,39.0,2.368323483371241,Hawkish
159,540,통안채/NNG;떨어/VV,28.0,18.0,46.0,1.447308795393536,Hawkish
160,541,인상/NNG;불확실성/NNG,28.0,19.0,47.0,1.3711346482675606,Hawkish
161,546,정책/NNG;실패/NNG,28.0,18.0,46.0,1.447308795393536,Hawkish
162,550,인플레이션/NNG;둔화/NNG,28.0,20.0,48.0,1.3025779158541824,Hawkish
163,553,제한적/VAX;상승/NNG,28.0,13.0,41.0,2.0039660243910498,Hawkish
164,560,소비/NNG;확대/NNG,28.0,15.0,43.0,1.7367705544722434,Hawkish
165,563,수출/NNG;증가/NNG;둔화/NNG,27.0,15.0,42.0,1.6747430346696632,Hawkish
166,564,상승률/NNG;높/VA,27.0,13.0,40.0,1.9323958092342266,Hawkish
167,570,하락/NNG;멈추/VV,27.0,19.0,46.0,1.3221655536865762,Hawkish
168,574,인상/NNG;오르/VV,27.0,15.0,42.0,1.6747430346696632,Hawkish
169,575,내수/NNG;성장/NNG,27.0,19.0,46.0,1.3221655536865762,Hawkish
170,576,수요측면/NNG;물가/NNG;상승/NNG;압력/NNG,27.0,10.0,37.0,2.5121145520044945,Hawkish
171,577,인플레이션/NNG;압력/NNG;증가/NNG,27.0,13.0,40.0,1.9323958092342266,Hawkish
172,580,가계/NNG;부실/NNG,27.0,18.0,45.0,1.3956191955580526,Hawkish
173,583,경제/NNG;경착륙/NNG,27.0,17.0,44.0,1.4777144423555852,Hawkish
174,585,gdp/NNG;호조/NNG,27.0,10.0,37.0,2.5121145520044945,Hawkish
175,586,국고채/NNG;내리/VV;국고채/NNG;하락/NNG,27.0,15.0,42.0,1.6747430346696632,Hawkish
176,593,경제/NNG;최대/NNG,26.0,14.0,40.0,1.727909480214732,Hawkish
177,596,인플레이션/NNG;우려/NNG;크/VV,26.0,10.0,36.0,2.4190732723006247,Hawkish
178,597,가격/NNG;뛰/VV,26.0,18.0,44.0,1.3439295957225692,Hawkish
179,598,인상/NNG;위안/NNG;절상/NNG,26.0,17.0,43.0,1.422984277823897,Hawkish
180,601,인상/NNG;막/VV,26.0,15.0,41.0,1.6127155148670833,Hawkish
181,603,상승률/NNG;둔화/NNG,26.0,13.0,39.0,1.8608255940774037,Hawkish
182,606,코픽스/NNG;상승/NNG,26.0,5.0,31.0,4.8381465446012495,Hawkish
183,608,산업/NNG;생산/NNG;증가/NNG,26.0,13.0,39.0,1.8608255940774037,Hawkish
184,610,인상/NNG;늦/VA,26.0,14.0,40.0,1.727909480214732,Hawkish
185,612,실적/NNG;증가/NNG,26.0,15.0,41.0,1.6127155148670833,Hawkish
186,613,상방/NNG;위험/NNG,25.0,15.0,40.0,1.5506879950645032,Hawkish
187,615,부동산/NNG;둔화/NNG,25.0,15.0,40.0,1.5506879950645032,Hawkish
188,622,디플레이션/NNG;탈출/NNG,25.0,16.0,41.0,1.4537699953729715,Hawkish
189,626,대출심사/NNG;강화/NNG,25.0,11.0,36.0,2.114574538724322,Hawkish
190,630,주택담보대출/NNG;확대/NNG,25.0,8.0,33.0,2.907539990745943,Hawkish
191,631,미래/NNG;성장/NNG,25.0,15.0,40.0,1.5506879950645032,Hawkish
192,633,채권/NNG;수익률/NNG;하락/NNG,25.0,16.0,41.0,1.4537699953729715,Hawkish
193,636,건설/NNG;부진/NNG,25.0,17.0,42.0,1.3682541132922086,Hawkish
194,639,경제/NNG;성장/NNG;촉진/NNG,25.0,14.0,39.0,1.6614514232833961,Hawkish
195,640,정책/NNG;여력/NNG;확보/NNG,25.0,14.0,39.0,1.6614514232833961,Hawkish
196,642,심리/NNG;냉각/NNG,25.0,12.0,37.0,1.9383599938306286,Hawkish
197,646,원화/NNG;환율/NNG;오르/VV,24.0,8.0,32.0,2.791238391116105,Hawkish
198,648,인상/NNG;힘들/VA,24.0,14.0,38.0,1.5949933663520601,Hawkish
199,653,외채/NNG;증가/NNG,24.0,13.0,37.0,1.7176851637637571,Hawkish
200,654,고용/NNG;악화/NNG,24.0,15.0,39.0,1.488660475261923,Hawkish
201,657,경착륙/NNG;우려/NNG,24.0,10.0,34.0,2.2329907128928843,Hawkish
202,660,안정/NNG;확보/NNG,24.0,11.0,35.0,2.0299915571753493,Hawkish
203,661,안정성/NNG;높/VV,24.0,13.0,37.0,1.7176851637637571,Hawkish
204,662,인플레이션/NNG;위협/NNG,24.0,17.0,41.0,1.3135239487605201,Hawkish
205,663,인상/NNG;가능성/NNG;낮/VV,24.0,16.0,40.0,1.3956191955580526,Hawkish
206,665,회복/NNG;속도/NNG;둔화/NNG,24.0,8.0,32.0,2.791238391116105,Hawkish
207,669,경제/NNG;하락/NNG,24.0,15.0,39.0,1.488660475261923,Hawkish
208,670,마진/NNG;개선/NNG,24.0,13.0,37.0,1.7176851637637571,Hawkish
209,671,비용/NNG;높/VV,24.0,11.0,35.0,2.0299915571753493,Hawkish
210,673,우려/NNG;과도/NNG,24.0,11.0,35.0,2.0299915571753493,Hawkish
211,676,높/VA;물가/NNG;상승/NNG,23.0,2.0,25.0,10.699747165945071,Hawkish
212,677,국고채/NNG;내리/VV;하락/NNG,23.0,8.0,31.0,2.674936791486268,Hawkish
213,678,예상/NNG;인상/NNG,23.0,16.0,39.0,1.337468395743134,Hawkish
214,680,거시/NNG;안정/NNG,23.0,15.0,38.0,1.4266329554593429,Hawkish
215,681,고용/NNG;충격/NNG,23.0,16.0,39.0,1.337468395743134,Hawkish
216,691,인플레이션/NNG;심리/NNG;억제/NNG,23.0,6.0,29.0,3.566582388648357,Hawkish
217,693,수출/NNG;성장/NNG,23.0,14.0,37.0,1.5285353094207244,Hawkish
218,698,경제/NNG;침체/NNG;우려/NNG,23.0,10.0,33.0,2.139949433189014,Hawkish
219,699,부동산/NNG;가격/NNG;거품/NNG,23.0,10.0,33.0,2.139949433189014,Hawkish
220,700,서브프라임/NNG;비우량/NNG;주택담보대출/NNG;부실/NNG,23.0,12.0,35.0,1.7832911943241785,Hawkish
221,702,fed/NNG;경제/NNG;성장/NNG,23.0,7.0,30.0,3.0570706188414487,Hawkish
222,703,irs/NNG;하락/NNG,23.0,16.0,39.0,1.337468395743134,Hawkish
223,707,달러엔/NNG;하락/NNG,22.0,14.0,36.0,1.4620772524893886,Hawkish
224,709,수출/NNG;증대/NNG,22.0,10.0,32.0,2.046908153485144,Hawkish
225,712,유동성/NNG;감소/NNG,22.0,15.0,37.0,1.3646054356567627,Hawkish
226,714,외환보유액/NNG;증가/NNG,22.0,13.0,35.0,1.5745447334501108,Hawkish
227,715,부동산/NNG;잡/VV,22.0,15.0,37.0,1.3646054356567627,Hawkish
228,716,가격/NNG;불안/NNG,22.0,14.0,36.0,1.4620772524893886,Hawkish
229,720,우려/NNG;높/VV,22.0,15.0,37.0,1.3646054356567627,Hawkish
230,735,인상/NNG,22.0,10.0,32.0,2.046908153485144,Hawkish
231,737,부진/NNG;인상/NNG,22.0,13.0,35.0,1.5745447334501108,Hawkish
232,738,성장/NNG;경로/NNG;불확실성/NNG,22.0,7.0,29.0,2.924154504978777,Hawkish
233,741,유가/NNG;강세/NNG,22.0,15.0,37.0,1.3646054356567627,Hawkish
234,742,물가/NNG;위험/NNG,22.0,10.0,32.0,2.046908153485144,Hawkish
235,744,소폭/MAG;하락/NNG;채권/NNG;가격/NNG;상승/NNG,22.0,14.0,36.0,1.4620772524893886,Hawkish
236,747,침체/NNG;벗어나/VV,21.0,6.0,27.0,3.2564447896354562,Hawkish
237,748,땅값/NNG;상승/NNG,21.0,2.0,23.0,9.76933436890637,Hawkish
238,754,신용/NNG;대출/NNG;늘/VV,21.0,7.0,28.0,2.791238391116105,Hawkish
239,758,물가/NNG;불안/NNG;우려/NNG,21.0,12.0,33.0,1.6282223948177281,Hawkish
240,759,양적완화/NNG;정책/NNG;종료/NNG,21.0,9.0,30.0,2.170963193090304,Hawkish
241,762,은행/NNG;성장/NNG,21.0,11.0,32.0,1.7762426125284305,Hawkish
242,763,실적/NNG;오르/VV,21.0,13.0,34.0,1.5029745182932874,Hawkish
243,764,매출/NNG;부진/NNG,21.0,15.0,36.0,1.3025779158541826,Hawkish
244,765,경제/NNG;견조/NNG;성장/NNG,21.0,13.0,34.0,1.5029745182932874,Hawkish
245,770,인플레이션/NNG;경계/NNG,21.0,9.0,30.0,2.170963193090304,Hawkish
246,774,인플레이션/NNG;우려/NNG;높/VA,21.0,13.0,34.0,1.5029745182932874,Hawkish
247,777,인플레이션/NNG;확산/NNG,21.0,8.0,29.0,2.4423335922265923,Hawkish
248,780,주택시장/NNG;냉각/NNG,21.0,6.0,27.0,3.2564447896354562,Hawkish
249,784,위험/NNG;높/VV,21.0,14.0,35.0,1.3956191955580526,Hawkish
250,786,회복/NNG;긍정적/VAX,20.0,14.0,34.0,1.3291611386267168,Hawkish
251,794,국고채/NNG;입찰/NNG;호조/NNG,20.0,13.0,33.0,1.4314043031364643,Hawkish
252,796,부동산/NNG;가격/NNG;오르/VV,20.0,13.0,33.0,1.4314043031364643,Hawkish
253,797,실업/NNG;증가/NNG,20.0,7.0,27.0,2.6583222772534336,Hawkish
254,798,부동산/NNG;냉각/NNG,20.0,10.0,30.0,1.8608255940774034,Hawkish
255,799,국고채/NNG;뛰/VV,20.0,12.0,32.0,1.550687995064503,Hawkish
256,800,예상/NNG;약하/VA,20.0,13.0,33.0,1.4314043031364643,Hawkish
257,802,주택시장/NNG;바닥/NNG,20.0,12.0,32.0,1.550687995064503,Hawkish
258,804,채권/NNG;가격/NNG;급등/NNG,20.0,14.0,34.0,1.3291611386267168,Hawkish
259,806,예상/NNG;감소/NNG,20.0,13.0,33.0,1.4314043031364643,Hawkish
260,811,인상/NNG;작/VA,20.0,9.0,29.0,2.067583993419337,Hawkish
261,813,미/NNG;국채/NNG;수익률/NNG;하락/NNG,20.0,7.0,27.0,2.6583222772534336,Hawkish
262,814,최대/NNG;인상/NNG,20.0,14.0,34.0,1.3291611386267168,Hawkish
263,816,대출/NNG;축소/NNG,20.0,9.0,29.0,2.067583993419337,Hawkish
264,817,인상/NNG;억제/NNG,20.0,12.0,32.0,1.550687995064503,Hawkish
265,818,물가/NNG;고공행진/NNG,20.0,8.0,28.0,2.326031992596754,Hawkish
266,819,소비/NNG;살/VV,20.0,14.0,34.0,1.3291611386267168,Hawkish
267,828,채권/NNG;높/VA,19.0,9.0,28.0,1.9642047937483704,Hawkish
268,829,원화/NNG;환율/NNG;내리/VV,19.0,11.0,30.0,1.607076649430485,Hawkish
269,832,인상/NNG;가능성/NNG;약화/NNG,19.0,10.0,29.0,1.7677843143735334,Hawkish
270,834,하락/NNG;인상/NNG,19.0,12.0,31.0,1.473153595311278,Hawkish
271,838,대출/NNG;인상/NNG,19.0,5.0,24.0,3.535568628747067,Hawkish
272,842,인상/NNG;하락/NNG,19.0,10.0,29.0,1.7677843143735334,Hawkish
273,844,미래/NNG;불확실성/NNG,19.0,9.0,28.0,1.9642047937483704,Hawkish
274,845,경제/NNG;성장률/NNG;상승/NNG,19.0,9.0,28.0,1.9642047937483704,Hawkish
275,847,주택담보대출/NNG;부담/NNG,19.0,13.0,32.0,1.3598340879796411,Hawkish
276,851,공급/NNG;차질/NNG,19.0,11.0,30.0,1.607076649430485,Hawkish
277,852,공급/NNG;충격/NNG,19.0,13.0,32.0,1.3598340879796411,Hawkish
278,857,주택시장/NNG;둔화/NNG,19.0,9.0,28.0,1.9642047937483704,Hawkish
279,861,과도/NNG;인상/NNG,19.0,13.0,32.0,1.3598340879796411,Hawkish
280,863,수익/NNG;낮/VA,19.0,7.0,26.0,2.525406163390762,Hawkish
281,868,주택/NNG;부진/NNG,19.0,10.0,29.0,1.7677843143735334,Hawkish
282,869,높/VA;인플레이션/NNG;압력/NNG,19.0,5.0,24.0,3.535568628747067,Hawkish
283,870,fed/NNG;성장/NNG,19.0,13.0,32.0,1.3598340879796411,Hawkish
284,874,인상/NNG;낮/VV,18.0,3.0,21.0,5.58247678223221,Hawkish
285,875,산업/NNG;경쟁력/NNG;강화/NNG,18.0,10.0,28.0,1.6747430346696632,Hawkish
286,878,강하/VA;인상/NNG,18.0,7.0,25.0,2.39249004952809,Hawkish
287,879,변동성/NNG;완화/NNG,18.0,12.0,30.0,1.3956191955580526,Hawkish
288,881,부진/NNG;강세/NNG,18.0,12.0,30.0,1.3956191955580526,Hawkish
289,882,인상/NNG;가능성/NNG;강하/VA,18.0,11.0,29.0,1.522493667881512,Hawkish
290,885,인하/NNG;최저/NNG,18.0,12.0,30.0,1.3956191955580526,Hawkish
291,887,호조/NNG;인상/NNG,18.0,10.0,28.0,1.6747430346696632,Hawkish
292,890,부채/NNG;위험/NNG,18.0,11.0,29.0,1.522493667881512,Hawkish
293,891,인상/NNG;가능성/NNG;작/VA,18.0,11.0,29.0,1.522493667881512,Hawkish
294,892,하락/NNG;가격/NNG;상승/NNG,18.0,8.0,26.0,2.093428793337079,Hawkish
295,895,회복/NNG;발목/NNG;잡/VV,18.0,10.0,28.0,1.6747430346696632,Hawkish
296,896,대출/NNG;높/VA,18.0,12.0,30.0,1.3956191955580526,Hawkish
297,897,하방/NNG;경직/NNG;강화/NNG,18.0,6.0,24.0,2.791238391116105,Hawkish
298,898,채권/NNG;가격/NNG;부담/NNG,18.0,9.0,27.0,1.8608255940774037,Hawkish
299,900,심리/NNG;상승/NNG,18.0,9.0,27.0,1.8608255940774037,Hawkish
300,902,인플레이션/NNG;압력/NNG;높/VV,18.0,10.0,28.0,1.6747430346696632,Hawkish
301,903,바닥/NNG;탈출/NNG,18.0,6.0,24.0,2.791238391116105,Hawkish
302,908,완화/NNG;축소/NNG,18.0,7.0,25.0,2.39249004952809,Hawkish
303,909,집값/NNG;내리/VV,18.0,8.0,26.0,2.093428793337079,Hawkish
304,910,경제/NNG;이중침체/NNG,18.0,10.0,28.0,1.6747430346696632,Hawkish
305,913,순이자마진/NNG;개선/NNG,18.0,7.0,25.0,2.39249004952809,Hawkish
306,917,견실/NNG;성장/NNG,18.0,4.0,22.0,4.186857586674158,Hawkish
307,921,경제/NNG;호황/NNG,18.0,8.0,26.0,2.093428793337079,Hawkish
308,923,인플레이션/NNG;위험/NNG;높/VA,18.0,5.0,23.0,3.3494860693393265,Hawkish
309,933,인상/NNG;확산/NNG,17.0,3.0,20.0,5.27233918321931,Hawkish
310,934,신용등급/NNG;안정/NNG,17.0,11.0,28.0,1.437910686332539,Hawkish
311,936,fed/NNG;인플레이션/NNG;억제/NNG,17.0,4.0,21.0,3.9542543874144824,Hawkish
312,937,gdp/NNG;갭/NNG;플러스/NNG,17.0,8.0,25.0,1.9771271937072412,Hawkish
313,938,성장/NNG;확대/NNG,17.0,11.0,28.0,1.437910686332539,Hawkish
314,939,fed/NNG;인플레이션/NNG;우려/NNG,17.0,12.0,29.0,1.3180847958048274,Hawkish
315,944,인플레이션/NNG;심리/NNG;높/VA,17.0,4.0,21.0,3.9542543874144824,Hawkish
316,947,인상/NNG;불확실성/NNG;해소/NNG,17.0,3.0,20.0,5.27233918321931,Hawkish
317,948,비용/NNG;하락/NNG,17.0,10.0,27.0,1.581701754965793,Hawkish
318,950,원유/NNG;가격/NNG;상승/NNG,17.0,6.0,23.0,2.636169591609655,Hawkish
319,953,경제/NNG;최악/NNG,17.0,9.0,26.0,1.7574463944064367,Hawkish
320,955,정책/NNG;인상/NNG,17.0,8.0,25.0,1.9771271937072412,Hawkish
321,960,인상/NNG;제한/NNG,17.0,10.0,27.0,1.581701754965793,Hawkish
322,962,완화/NNG;줄/VV,17.0,3.0,20.0,5.27233918321931,Hawkish
323,964,불이행/NNG;위험/NNG,17.0,8.0,25.0,1.9771271937072412,Hawkish
324,965,달러엔/NNG;환율/NNG;하락/NNG,17.0,7.0,24.0,2.2595739356654185,Hawkish
325,966,둔화/NNG;인상/NNG,17.0,12.0,29.0,1.3180847958048274,Hawkish
326,967,어렵/VA;우려/NNG,17.0,12.0,29.0,1.3180847958048274,Hawkish
327,972,가계/NNG;부담/NNG;늘/VV,17.0,8.0,25.0,1.9771271937072412,Hawkish
328,974,인플레이션/NNG;우려/NNG;완화/NNG,17.0,7.0,24.0,2.2595739356654185,Hawkish
329,976,하락/NNG;둔화/NNG,17.0,10.0,27.0,1.581701754965793,Hawkish
330,980,유가/NNG;고공행진/NNG,17.0,9.0,26.0,1.7574463944064367,Hawkish
331,984,경제/NNG;성장/NNG;저해/NNG,17.0,9.0,26.0,1.7574463944064367,Hawkish
332,985,수출/NNG;경쟁력/NNG;약화/NNG,17.0,11.0,28.0,1.437910686332539,Hawkish
333,986,부동산/NNG;억제/NNG,17.0,11.0,28.0,1.437910686332539,Hawkish
334,987,가격/NNG;상승/NNG;압력/NNG,17.0,10.0,27.0,1.581701754965793,Hawkish
335,991,고용/NNG;감소/NNG,17.0,8.0,25.0,1.9771271937072412,Hawkish
336,994,부동산/NNG;pf/NNG;부실/NNG,16.0,2.0,18.0,7.443302376309614,Hawkish
337,996,인플레이션/NNG;압력/NNG;억제/NNG,16.0,11.0,27.0,1.3533277047835661,Hawkish
338,998,소비/NNG;많/VA,16.0,10.0,26.0,1.4886604752619226,Hawkish
339,1001,위험/NNG;증대/NNG,16.0,9.0,25.0,1.6540671947354697,Hawkish
340,1003,시중/NNG;유동성/NNG;흡수/NNG,16.0,10.0,26.0,1.4886604752619226,Hawkish
341,1004,은행/NNG;대출/NNG;증가/NNG,16.0,10.0,26.0,1.4886604752619226,Hawkish
342,1006,국채선물시장/NNG;소폭/MAG;하락/NNG,16.0,10.0,26.0,1.4886604752619226,Hawkish
343,1007,내수/NNG;증가/NNG,16.0,7.0,23.0,2.1266578218027465,Hawkish
344,1010,주택구입/NNG;부담/NNG,16.0,1.0,17.0,14.886604752619228,Hawkish
345,1012,높/VA;고평가/NNG,16.0,10.0,26.0,1.4886604752619226,Hawkish
346,1013,마진/NNG;축소/NNG,16.0,10.0,26.0,1.4886604752619226,Hawkish
347,1015,둔화/NNG;우려/NNG;높/VA,16.0,7.0,23.0,2.1266578218027465,Hawkish
348,1016,신용/NNG;대출/NNG;확대/NNG,16.0,11.0,27.0,1.3533277047835661,Hawkish
349,1025,인상/NNG;유보/NNG,16.0,6.0,22.0,2.4811007921032044,Hawkish
350,1028,부동산/NNG;거래/NNG;활성화/NNG,16.0,11.0,27.0,1.3533277047835661,Hawkish
351,1030,수익성/NNG;확보/NNG,16.0,9.0,25.0,1.6540671947354697,Hawkish
352,1032,채권/NNG;발행/NNG;늘/VV,16.0,6.0,22.0,2.4811007921032044,Hawkish
353,1035,인상/NNG;압력/NNG;높/VA,16.0,3.0,19.0,4.962201584206409,Hawkish
354,1036,경제/NNG;거품/NNG,16.0,10.0,26.0,1.4886604752619226,Hawkish
355,1037,회복/NNG;강하/VA,16.0,7.0,23.0,2.1266578218027465,Hawkish
356,1038,성장/NNG;물가/NNG;안정/NNG,16.0,10.0,26.0,1.4886604752619226,Hawkish
357,1041,국민/NNG;부담/NNG,16.0,11.0,27.0,1.3533277047835661,Hawkish
358,1045,높/VA;마이너스/NNG,16.0,9.0,25.0,1.6540671947354697,Hawkish
359,1046,견조/NNG;증가/NNG,16.0,9.0,25.0,1.6540671947354697,Hawkish
360,1049,물가/NNG;상승/NNG;압력/NNG;높/VA;않/VX,16.0,9.0,25.0,1.6540671947354697,Hawkish
361,1050,예상/NNG;벗어나/VV;않/VX,16.0,8.0,24.0,1.8608255940774034,Hawkish
362,1054,인플레이션/NNG;성장/NNG,16.0,9.0,25.0,1.6540671947354697,Hawkish
363,1059,충분히/MAG;완화/NNG,16.0,4.0,20.0,3.721651188154807,Hawkish
364,1063,경제/NNG;불확실성/NNG;크/VV,16.0,5.0,21.0,2.977320950523845,Hawkish
365,1065,인상/NNG;확대/NNG,16.0,3.0,19.0,4.962201584206409,Hawkish
366,1066,정치/NNG;압박/NNG,15.0,10.0,25.0,1.3956191955580528,Hawkish
367,1068,대외/NNG;불확실성/NNG;높/VA,15.0,4.0,19.0,3.489047988895132,Hawkish
368,1069,하락/NNG;그치/VV,15.0,10.0,25.0,1.3956191955580528,Hawkish
369,1072,우려/NNG;증가/NNG,15.0,6.0,21.0,2.3260319925967545,Hawkish
370,1077,인상/NNG;선호/NNG,15.0,9.0,24.0,1.550687995064503,Hawkish
371,1082,부실/NNG;확대/NNG,15.0,8.0,23.0,1.744523994447566,Hawkish
372,1088,성장/NNG;가능성/NNG;높/VA,15.0,7.0,22.0,1.9937417079400752,Hawkish
373,1090,인상/NNG;보류/NNG,15.0,8.0,23.0,1.744523994447566,Hawkish
374,1093,높/VA;선호/NNG,15.0,2.0,17.0,6.978095977790264,Hawkish
375,1095,회복/NNG;불확실성/NNG,15.0,9.0,24.0,1.550687995064503,Hawkish
376,1096,회복/NNG;가속/NNG,15.0,9.0,24.0,1.550687995064503,Hawkish
377,1098,유동성/NNG;억제/NNG,15.0,6.0,21.0,2.3260319925967545,Hawkish
378,1104,가격/NNG;상승/NNG;둔화/NNG,15.0,5.0,20.0,2.7912383911161056,Hawkish
379,1105,산업/NNG;생산/NNG;호조/NNG,15.0,5.0,20.0,2.7912383911161056,Hawkish
380,1107,경영/NNG;부담/NNG,15.0,7.0,22.0,1.9937417079400752,Hawkish
381,1114,안정/NNG;위협/NNG,15.0,4.0,19.0,3.489047988895132,Hawkish
382,1117,과도/NNG;긴축/NNG,15.0,7.0,22.0,1.9937417079400752,Hawkish
383,1123,집값/NNG;떨어/VV,15.0,7.0,22.0,1.9937417079400752,Hawkish
384,1124,인상/NNG;사이클/NNG;종료/NNG,15.0,4.0,19.0,3.489047988895132,Hawkish
385,1125,수입/NNG;물가/NNG;오르/VV,15.0,9.0,24.0,1.550687995064503,Hawkish
386,1127,부동산/NNG;가격/NNG;잡/VV,15.0,8.0,23.0,1.744523994447566,Hawkish
387,1129,실적/NNG;넘/VV,15.0,3.0,18.0,4.652063985193509,Hawkish
388,1133,fed/NNG;물가/NNG;상승/NNG,15.0,8.0,23.0,1.744523994447566,Hawkish
389,1134,회복/NNG;어렵/VA,15.0,10.0,25.0,1.3956191955580528,Hawkish
390,1135,물가/NNG;통제/NNG,15.0,8.0,23.0,1.744523994447566,Hawkish
391,1136,산업/NNG;성장/NNG,15.0,9.0,24.0,1.550687995064503,Hawkish
392,1137,물가/NNG;상승률/NNG;억제/NNG,15.0,8.0,23.0,1.744523994447566,Hawkish
393,1142,디플레이션/NNG;종료/NNG,15.0,4.0,19.0,3.489047988895132,Hawkish
394,1143,회복/NNG;둔화/NNG;우려/NNG,15.0,8.0,23.0,1.744523994447566,Hawkish
395,1144,플래트닝/NNG,15.0,10.0,25.0,1.3956191955580528,Hawkish
396,1146,가계/NNG;부채/NNG;관리/NNG;강화/NNG,15.0,4.0,19.0,3.489047988895132,Hawkish
397,1148,주택시장/NNG;불안/NNG,15.0,5.0,20.0,2.7912383911161056,Hawkish
398,1150,회복/NNG;찬물/NNG,15.0,6.0,21.0,2.3260319925967545,Hawkish
399,1151,성장/NNG;불확실성/NNG,15.0,4.0,19.0,3.489047988895132,Hawkish
400,1152,국고채/NNG;급락/NNG,15.0,9.0,24.0,1.550687995064503,Hawkish
401,1159,인플레이션/NNG;급등/NNG,15.0,7.0,22.0,1.9937417079400752,Hawkish
402,1160,안정/NNG;경제/NNG;성장/NNG,15.0,8.0,23.0,1.744523994447566,Hawkish
403,1161,가계/NNG;신용위험/NNG,14.0,5.0,19.0,2.6051558317083647,Hawkish
404,1162,새롭/VA;모멘텀/NNG,14.0,7.0,21.0,1.8608255940774034,Hawkish
405,1163,예상밖/NNG;상승/NNG,14.0,2.0,16.0,6.5128895792709125,Hawkish
406,1164,물가/NNG;압력/NNG;완화/NNG,14.0,6.0,20.0,2.170963193090304,Hawkish
407,1165,심리/NNG;악영향/NNG,14.0,10.0,24.0,1.3025779158541824,Hawkish
408,1166,예상/NNG;늦/VV,14.0,5.0,19.0,2.6051558317083647,Hawkish
409,1167,부채/NNG;감축/NNG,14.0,9.0,23.0,1.447308795393536,Hawkish
410,1168,물가/NNG;예상/NNG;높/VA,14.0,3.0,17.0,4.341926386180608,Hawkish
411,1169,안정성/NNG;저해/NNG,14.0,7.0,21.0,1.8608255940774034,Hawkish
412,1171,디플레이션/NNG;탈피/NNG,14.0,6.0,20.0,2.170963193090304,Hawkish
413,1172,인플레이션/NNG;인상/NNG,14.0,8.0,22.0,1.6282223948177281,Hawkish
414,1174,신용/NNG;낮/VA,14.0,9.0,23.0,1.447308795393536,Hawkish
415,1175,펀더멘털/NNG;좋/VA,14.0,8.0,22.0,1.6282223948177281,Hawkish
416,1177,회복/NNG;인상/NNG,14.0,7.0,21.0,1.8608255940774034,Hawkish
417,1178,안정/NNG;저해/NNG,14.0,8.0,22.0,1.6282223948177281,Hawkish
418,1179,ecb/NNG;양적완화/NNG;종료/NNG,14.0,3.0,17.0,4.341926386180608,Hawkish
419,1181,통화정책/NNG;물가/NNG;안정/NNG,14.0,6.0,20.0,2.170963193090304,Hawkish
420,1189,인플레이션/NNG;부진/NNG,14.0,7.0,21.0,1.8608255940774034,Hawkish
421,1193,물가/NNG;상승/NNG;부담/NNG,14.0,8.0,22.0,1.6282223948177281,Hawkish
422,1194,소비/NNG;억제/NNG,14.0,5.0,19.0,2.6051558317083647,Hawkish
423,1196,하락/NNG;압박/NNG,14.0,10.0,24.0,1.3025779158541824,Hawkish
424,1197,회복/NNG;약화/NNG,14.0,2.0,16.0,6.5128895792709125,Hawkish
425,1199,주택/NNG;하락/NNG,14.0,7.0,21.0,1.8608255940774034,Hawkish
426,1201,가격/NNG;하락/NNG;확대/NNG,14.0,6.0,20.0,2.170963193090304,Hawkish
427,1204,유동성/NNG;관리/NNG;강화/NNG,14.0,3.0,17.0,4.341926386180608,Hawkish
428,1206,소비/NNG;증대/NNG,14.0,10.0,24.0,1.3025779158541824,Hawkish
429,1216,둔화/NNG;인플레이션/NNG;압력/NNG,14.0,5.0,19.0,2.6051558317083647,Hawkish
430,1217,서브프라임/NNG;충격/NNG,14.0,2.0,16.0,6.5128895792709125,Hawkish
431,1218,하락/NNG;환율/NNG;상승/NNG,14.0,6.0,20.0,2.170963193090304,Hawkish
432,1224,순이자마진/NNG;상승/NNG,14.0,8.0,22.0,1.6282223948177281,Hawkish
433,1230,가격/NNG;하락/NNG;우려/NNG,14.0,7.0,21.0,1.8608255940774034,Hawkish
434,1234,인플레이션/NNG;압력/NNG;둔화/NNG,14.0,7.0,21.0,1.8608255940774034,Hawkish
435,1235,건설/NNG;증가/NNG,14.0,9.0,23.0,1.447308795393536,Hawkish
436,1236,인상/NNG;끝/NNG,14.0,4.0,18.0,3.2564447896354562,Hawkish
437,1237,대출/NNG;조건/NNG;강화/NNG,14.0,6.0,20.0,2.170963193090304,Hawkish
438,1239,채권시장/NNG;국고채/NNG;하락/NNG,14.0,4.0,18.0,3.2564447896354562,Hawkish
439,1241,긴축/NNG;효과/NNG,14.0,10.0,24.0,1.3025779158541824,Hawkish
440,1242,통화정책/NNG;불확실성/NNG;해소/NNG,14.0,3.0,17.0,4.341926386180608,Hawkish
441,1243,물량/NNG;많/VA;않/VX,14.0,10.0,24.0,1.3025779158541824,Hawkish
442,1244,글로벌/NNG;경제/NNG;불확실성/NNG,14.0,9.0,23.0,1.447308795393536,Hawkish
443,1245,절상/NNG;우려/NNG,14.0,9.0,23.0,1.447308795393536,Hawkish
444,1248,채권/NNG;가격/NNG;약세/NNG,14.0,8.0,22.0,1.6282223948177281,Hawkish
445,1251,수요/NNG;감소/NNG;우려/NNG,14.0,7.0,21.0,1.8608255940774034,Hawkish
446,1254,둔화/NNG;가속/NNG,14.0,8.0,22.0,1.6282223948177281,Hawkish
447,1255,판매/NNG;급증/NNG,14.0,7.0,21.0,1.8608255940774034,Hawkish
448,1256,부동산/NNG;pf/NNG;대출/NNG;부실/NNG,14.0,3.0,17.0,4.341926386180608,Hawkish
449,1260,저축/NNG;늘/VV,14.0,10.0,24.0,1.3025779158541824,Hawkish
450,1263,민평/NNG;웃돌/VV,14.0,9.0,23.0,1.447308795393536,Hawkish
451,1264,통화/NNG;완화정책/NNG;종료/NNG,14.0,5.0,19.0,2.6051558317083647,Hawkish
452,1272,국고채/NNG;내리/VV;국고채/NNG;내리/VV,13.0,4.0,17.0,3.0238415903757807,Hawkish
453,1274,인상/NNG;물가/NNG;상승/NNG,13.0,8.0,21.0,1.5119207951878904,Hawkish
454,1277,소비/NNG;둔화/NNG;우려/NNG,13.0,3.0,16.0,4.031788787167708,Hawkish
455,1280,경제/NNG;수출/NNG;호조/NNG,13.0,4.0,17.0,3.0238415903757807,Hawkish
456,1282,불황/NNG;빠지/VV,13.0,4.0,17.0,3.0238415903757807,Hawkish
457,1289,물가/NNG;상승/NNG;일시적/VAX,13.0,3.0,16.0,4.031788787167708,Hawkish
458,1290,인상/NNG;긍정적/VAX,13.0,6.0,19.0,2.015894393583854,Hawkish
459,1291,연체율/NNG;높/VA,13.0,9.0,22.0,1.3439295957225692,Hawkish
460,1292,실적/NNG;하향/NNG,13.0,7.0,20.0,1.727909480214732,Hawkish
461,1295,경제/NNG;우려/NNG;크/VV,13.0,8.0,21.0,1.5119207951878904,Hawkish
462,1296,하락/NNG;원화/NNG;강세/NNG,13.0,8.0,21.0,1.5119207951878904,Hawkish
463,1297,대출비중/NNG;늘/VV,13.0,7.0,20.0,1.727909480214732,Hawkish
464,1298,디플레이션/NNG;물가/NNG;하락/NNG,13.0,8.0,21.0,1.5119207951878904,Hawkish
465,1301,피해/NNG;막/VV,13.0,8.0,21.0,1.5119207951878904,Hawkish
466,1303,예상/NNG;둔화/NNG,13.0,8.0,21.0,1.5119207951878904,Hawkish
467,1306,인상/NNG;최대/NNG,13.0,9.0,22.0,1.3439295957225692,Hawkish
468,1308,인상/NNG;늘/VV,13.0,8.0,21.0,1.5119207951878904,Hawkish
469,1311,매출/NNG;호조/NNG,13.0,8.0,21.0,1.5119207951878904,Hawkish
470,1313,긍정적/VAX;모멘텀/NNG,13.0,9.0,22.0,1.3439295957225692,Hawkish
471,1314,인상/NNG;낮/VA,13.0,7.0,20.0,1.727909480214732,Hawkish
472,1319,여력/NNG;감소/NNG,13.0,6.0,19.0,2.015894393583854,Hawkish
473,1320,심리/NNG;제한/NNG,13.0,8.0,21.0,1.5119207951878904,Hawkish
474,1322,근원/NNG;인플레이션/NNG;상승/NNG,13.0,5.0,18.0,2.4190732723006247,Hawkish
475,1326,좋/VA;인상/NNG,13.0,9.0,22.0,1.3439295957225692,Hawkish
476,1332,생산/NNG;확대/NNG,13.0,8.0,21.0,1.5119207951878904,Hawkish
477,1333,수익/NNG;증대/NNG,13.0,8.0,21.0,1.5119207951878904,Hawkish
478,1334,침체/NNG;끝/NNG,13.0,5.0,18.0,2.4190732723006247,Hawkish
479,1340,물가/NNG;상승/NNG;견인/NNG,13.0,3.0,16.0,4.031788787167708,Hawkish
480,1341,세계/NNG;경제/NNG;위협/NNG,13.0,5.0,18.0,2.4190732723006247,Hawkish
481,1346,개인/NNG;소득/NNG;증가/NNG,13.0,3.0,16.0,4.031788787167708,Hawkish
482,1347,물가/NNG;고점/NNG,13.0,3.0,16.0,4.031788787167708,Hawkish
483,1354,긴축정책/NNG;강화/NNG,13.0,8.0,21.0,1.5119207951878904,Hawkish
484,1356,강하/VA;하방/NNG;경직/NNG,13.0,5.0,18.0,2.4190732723006247,Hawkish
485,1360,소비/NNG;성장/NNG,13.0,7.0,20.0,1.727909480214732,Hawkish
486,1361,인상/NNG;우려/NNG;크/VV,13.0,8.0,21.0,1.5119207951878904,Hawkish
487,1364,경제/NNG;성장률/NNG;상향/NNG,13.0,4.0,17.0,3.0238415903757807,Hawkish
488,1365,인플레이션/NNG;상승/NNG;우려/NNG,13.0,8.0,21.0,1.5119207951878904,Hawkish
489,1367,불확실성/NNG;걷/VV,13.0,8.0,21.0,1.5119207951878904,Hawkish
490,1372,국채선물/NNG;급등/NNG,13.0,9.0,22.0,1.3439295957225692,Hawkish
491,1373,인상/NNG;넘/VV,13.0,9.0,22.0,1.3439295957225692,Hawkish
492,1374,채권시장/NNG;충격/NNG,13.0,9.0,22.0,1.3439295957225692,Hawkish
493,1376,부진/NNG;않/VX,13.0,3.0,16.0,4.031788787167708,Hawkish
494,1378,비우량/NNG;주택담보대출/NNG;부실/NNG,13.0,3.0,16.0,4.031788787167708,Hawkish
495,1380,부채/NNG;확대/NNG,13.0,7.0,20.0,1.727909480214732,Hawkish
496,1384,fed/NNG;매파/NNG;통화/NNG;긴축/NNG;선호/NNG,12.0,8.0,20.0,1.3956191955580526,Hawkish
497,1386,거품/NNG;터지/VV,12.0,7.0,19.0,1.5949933663520601,Hawkish
498,1387,충당/NNG;부담/NNG,12.0,8.0,20.0,1.3956191955580526,Hawkish
499,1389,원화/NNG;오르/VV,12.0,8.0,20.0,1.3956191955580526,Hawkish
500,1396,물가/NNG;뛰/VV,12.0,5.0,17.0,2.2329907128928843,Hawkish
501,1397,예상/NNG;늘/VV,12.0,6.0,18.0,1.8608255940774034,Hawkish
502,1399,국채/NNG;위험/NNG,12.0,6.0,18.0,1.8608255940774034,Hawkish
503,1401,급속/NNG;성장/NNG,12.0,4.0,16.0,2.791238391116105,Hawkish
504,1410,성장성/NNG;높/VA,12.0,6.0,18.0,1.8608255940774034,Hawkish
505,1412,이익/NNG;회복/NNG,12.0,5.0,17.0,2.2329907128928843,Hawkish
506,1413,주택담보대출/NNG;제한/NNG,12.0,6.0,18.0,1.8608255940774034,Hawkish
507,1416,주택시장/NNG;활성화/NNG,12.0,7.0,19.0,1.5949933663520601,Hawkish
508,1417,채권/NNG;많/VA,12.0,4.0,16.0,2.791238391116105,Hawkish
509,1418,부동산/NNG;호황/NNG,12.0,6.0,18.0,1.8608255940774034,Hawkish
510,1419,환경/NNG;우호적/VAX,12.0,5.0,17.0,2.2329907128928843,Hawkish
511,1420,불황/NNG;우려/NNG,12.0,7.0,19.0,1.5949933663520601,Hawkish
512,1421,저축/NNG;줄/VV,12.0,8.0,20.0,1.3956191955580526,Hawkish
513,1423,실적/NNG;경고/NNG,12.0,8.0,20.0,1.3956191955580526,Hawkish
514,1427,하락/NNG;오가/VV,12.0,7.0,19.0,1.5949933663520601,Hawkish
515,1429,심리/NNG;압박/NNG,12.0,6.0,18.0,1.8608255940774034,Hawkish
516,1432,집값/NNG;거품/NNG,12.0,7.0,19.0,1.5949933663520601,Hawkish
517,1434,상환능력/NNG;약화/NNG,12.0,4.0,16.0,2.791238391116105,Hawkish
518,1435,가격/NNG;최대/NNG,12.0,4.0,16.0,2.791238391116105,Hawkish
519,1441,개선/NNG;어렵/VA,12.0,7.0,19.0,1.5949933663520601,Hawkish
520,1448,글로벌/NNG;불확실성/NNG;크/VV,12.0,6.0,18.0,1.8608255940774034,Hawkish
521,1452,유가/NNG;불안/NNG,12.0,8.0,20.0,1.3956191955580526,Hawkish
522,1453,글로벌/NNG;유동성/NNG;위축/NNG,12.0,5.0,17.0,2.2329907128928843,Hawkish
523,1454,손실/NNG;부담/NNG,12.0,8.0,20.0,1.3956191955580526,Hawkish
524,1456,견조/NNG;회복/NNG,12.0,8.0,20.0,1.3956191955580526,Hawkish
525,1460,가격/NNG;압력/NNG,12.0,7.0,19.0,1.5949933663520601,Hawkish
526,1465,이탈/NNG;조짐/NNG,12.0,5.0,17.0,2.2329907128928843,Hawkish
527,1470,당분간/MAG;완화/NNG,12.0,5.0,17.0,2.2329907128928843,Hawkish
528,1471,과잉/NNG;유동성/NNG;우려/NNG,12.0,8.0,20.0,1.3956191955580526,Hawkish
529,1472,인하/NNG;가능성/NNG;줄/VV,12.0,8.0,20.0,1.3956191955580526,Hawkish
530,1477,인상/NNG;불투명/NNG,12.0,5.0,17.0,2.2329907128928843,Hawkish
531,1478,인건비/NNG;상승/NNG,12.0,5.0,17.0,2.2329907128928843,Hawkish
532,1480,경제/NNG;체질/NNG;강화/NNG,12.0,4.0,16.0,2.791238391116105,Hawkish
533,1481,둔화/NNG;우려/NNG;완화/NNG,12.0,7.0,19.0,1.5949933663520601,Hawkish
534,1482,매출/NNG;성장/NNG,12.0,5.0,17.0,2.2329907128928843,Hawkish
535,1483,우려/NNG;내리/VV,12.0,7.0,19.0,1.5949933663520601,Hawkish
536,1484,신용/NNG;우려/NNG,12.0,5.0,17.0,2.2329907128928843,Hawkish
537,1485,대외/NNG;불확실성/NNG;크/VV,12.0,6.0,18.0,1.8608255940774034,Hawkish
538,1486,신용/NNG;높/VA,12.0,7.0,19.0,1.5949933663520601,Hawkish
539,1489,대손비용/NNG;감소/NNG,12.0,4.0,16.0,2.791238391116105,Hawkish
540,1491,인하/NNG;가능성/NNG;낮/VV,12.0,8.0,20.0,1.3956191955580526,Hawkish
541,1494,가계/NNG;부채/NNG;넘/VV,12.0,7.0,19.0,1.5949933663520601,Hawkish
542,1499,디플레이션/NNG;빠지/VV,12.0,7.0,19.0,1.5949933663520601,Hawkish
543,1503,원화/NNG;대출/NNG;증가/NNG,12.0,6.0,18.0,1.8608255940774034,Hawkish
544,1505,물가/NNG;경계/NNG,12.0,7.0,19.0,1.5949933663520601,Hawkish
545,1506,수출/NNG;급증/NNG,12.0,8.0,20.0,1.3956191955580526,Hawkish
546,1507,동일점/NNG;매출/NNG;증가/NNG,12.0,8.0,20.0,1.3956191955580526,Hawkish
547,1510,하락/NNG;영향/NNG;강세/NNG,12.0,8.0,20.0,1.3956191955580526,Hawkish
548,1516,강하/VA;경계/NNG,11.0,5.0,16.0,2.046908153485144,Hawkish
549,1519,수입/NNG;오르/VV,11.0,5.0,16.0,2.046908153485144,Hawkish
550,1535,부진/NNG;회복/NNG,11.0,7.0,18.0,1.4620772524893886,Hawkish
551,1536,둔화/NNG;우려/NNG;하락/NNG,11.0,5.0,16.0,2.046908153485144,Hawkish
552,1545,예상밖/NNG;부진/NNG,11.0,6.0,17.0,1.7057567945709533,Hawkish
553,1546,거품/NNG;경고/NNG,11.0,6.0,17.0,1.7057567945709533,Hawkish
554,1550,마진/NNG;줄/VV,11.0,7.0,18.0,1.4620772524893886,Hawkish
555,1557,마이너스/NNG;플러스/NNG,11.0,5.0,16.0,2.046908153485144,Hawkish
556,1559,매출/NNG;증대/NNG,11.0,5.0,16.0,2.046908153485144,Hawkish
557,1560,소폭/MAG;상승/NNG;그치/VV,11.0,5.0,16.0,2.046908153485144,Hawkish
558,1561,업황/NNG;개선/NNG,11.0,7.0,18.0,1.4620772524893886,Hawkish
559,1565,인플레이션/NNG;불안/NNG,11.0,6.0,17.0,1.7057567945709533,Hawkish
560,1569,타격/NNG;없/VA,11.0,6.0,17.0,1.7057567945709533,Hawkish
561,1572,불안/NNG;인상/NNG,11.0,5.0,16.0,2.046908153485144,Hawkish
562,1576,채권시장/NNG;과열/NNG,11.0,6.0,17.0,1.7057567945709533,Hawkish
563,1583,우려/NNG;목소리/NNG;크/VV,11.0,5.0,16.0,2.046908153485144,Hawkish
564,1585,우려/NNG;희석/NNG,11.0,7.0,18.0,1.4620772524893886,Hawkish
565,1586,부동산/NNG;위험/NNG,11.0,6.0,17.0,1.7057567945709533,Hawkish
566,1591,인플레이션/NNG;일시적/VAX,11.0,5.0,16.0,2.046908153485144,Hawkish
567,1612,채권/NNG;가격/NNG;소폭/MAG;하락/NNG,11.0,5.0,16.0,2.046908153485144,Hawkish
568,1627,안정/NNG;증가/NNG,11.0,6.0,17.0,1.7057567945709533,Hawkish
569,1631,듀레이션/NNG;길/VA,11.0,6.0,17.0,1.7057567945709533,Hawkish
570,1634,ecb/NNG;물가/NNG;안정/NNG,11.0,7.0,18.0,1.4620772524893886,Hawkish
571,1638,가계/NNG;부채/NNG;억제/NNG,11.0,6.0,17.0,1.7057567945709533,Hawkish
572,1641,세계/NNG;경제/NNG;이중침체/NNG,11.0,6.0,17.0,1.7057567945709533,Hawkish
573,1649,공급/NNG;차질/NNG;우려/NNG,11.0,5.0,16.0,2.046908153485144,Hawkish
574,1652,예상/NNG;늦/VA,11.0,6.0,17.0,1.7057567945709533,Hawkish
575,1654,공급/NNG;제한/NNG,11.0,7.0,18.0,1.4620772524893886,Hawkish
576,1655,제한적/VAX;하락/NNG,11.0,7.0,18.0,1.4620772524893886,Hawkish
577,1672,저탄소/NNG;녹색성장/NNG,10.0,6.0,16.0,1.550687995064503,Hawkish
578,1684,부채한도/NNG;상향/NNG,10.0,7.0,17.0,1.3291611386267168,Hawkish
579,1686,통화/NNG;줄/VV,10.0,7.0,17.0,1.3291611386267168,Hawkish
580,1689,원화/NNG;급등/NNG,10.0,7.0,17.0,1.3291611386267168,Hawkish
581,1691,절상/NNG;추세/NNG,10.0,6.0,16.0,1.550687995064503,Hawkish
582,1697,인상/NNG;가능성/NNG;줄/VV,10.0,7.0,17.0,1.3291611386267168,Hawkish
583,1721,국채선물/NNG;소폭/MAG;하락/NNG,10.0,7.0,17.0,1.3291611386267168,Hawkish
584,1725,우려/NNG;부진/NNG,10.0,6.0,16.0,1.550687995064503,Hawkish
585,1733,채권/NNG;가격/NNG;하락/NNG;채권/NNG;약세/NNG,10.0,7.0,17.0,1.3291611386267168,Hawkish
586,1736,낮/VA;안정/NNG,10.0,6.0,16.0,1.550687995064503,Hawkish
587,1738,변동성/NNG;크/VV;우려/NNG,10.0,6.0,16.0,1.550687995064503,Hawkish
588,1743,다원화/NNG;강세/NNG,10.0,6.0,16.0,1.550687995064503,Hawkish
589,1747,가격/NNG;하락/NNG;압력/NNG;높/VV,10.0,6.0,16.0,1.550687995064503,Hawkish
590,1750,가계/NNG;부채/NNG;감소/NNG,10.0,7.0,17.0,1.3291611386267168,Hawkish
591,1755,통안채/NNG;입찰/NNG;부담/NNG,10.0,7.0,17.0,1.3291611386267168,Hawkish
592,1757,국제/NNG;유가/NNG;소폭/MAG;상승/NNG,10.0,7.0,17.0,1.3291611386267168,Hawkish
593,1758,유로존/NNG;탈퇴/NNG;우려/NNG,10.0,7.0,17.0,1.3291611386267168,Hawkish
594,1762,둔화/NNG;우려/NNG;확산/NNG,10.0,7.0,17.0,1.3291611386267168,Hawkish
595,1763,신용위험/NNG;크/VV,10.0,7.0,17.0,1.3291611386267168,Hawkish
596,1775,하락/NNG;아니/VCN,10.0,7.0,17.0,1.3291611386267168,Hawkish
597,1777,급락/NNG;상승/NNG,10.0,6.0,16.0,1.550687995064503,Hawkish
598,1781,유로존/NNG;이탈/NNG,10.0,6.0,16.0,1.550687995064503,Hawkish
599,1787,경제/NNG;충격/NNG;줄/VV,10.0,7.0,17.0,1.3291611386267168,Hawkish
600,1790,안정/NNG;높/VA,10.0,7.0,17.0,1.3291611386267168,Hawkish
601,1795,강하/VA;모멘텀/NNG,10.0,6.0,16.0,1.550687995064503,Hawkish
602,1816,피해/NNG;줄/VV,10.0,7.0,17.0,1.3291611386267168,Hawkish
603,1822,최저/NNG;최대/NNG,10.0,7.0,17.0,1.3291611386267168,Hawkish
604,1823,소득/NNG;증가율/NNG;웃돌/VV,10.0,6.0,16.0,1.550687995064503,Hawkish
605,1830,가격/NNG;부담/NNG;높/VA,10.0,6.0,16.0,1.550687995064503,Hawkish
606,1837,유가/NNG;충격/NNG,10.0,6.0,16.0,1.550687995064503,Hawkish
607,1838,우려/NNG;불확실성/NNG,10.0,6.0,16.0,1.550687995064503,Hawkish
