* 통계표명 :,주택거래_연도별,,,,,,,,,,,,,,,,,
* 수록기간 :,2006년 ~ 2021년,,,,,,,,,,,,,,,,,
* 조회기간 :,2006년 ~ 2021년,,,,,,,,,,,,,,,,,
* 출처 :,국토교통부,,,,,,,,,,,,,,,,,
* 자료다운일자 :,2021.03.20 15:54:21,,,,,,,,,,,,,,,,,
* 단위 :,"동(호)수,천㎡",,,,,,,,,,,,,,,,,
,,,,,,,,,,,,,,,,,,
,,,,,,,,,,,,,,,,,,
,,,,,,,,,,,,,,,,,,
,,,,,,,,,,,,,,,,,,
지 역,,,2006년,2007년,2008년,2009년,2010년,2011년,2012년,2013년,2014년,2015년,2016년,2017년,2018년,2019년,2020년,2021년
전국,,,1494935,1148574,1179742,1133637,1037229,1231393,1004006,1187279,1447123,1720795,1624032,1759661,1719231,1569498,2021865,147062
서울,,,323392,193334,183197,170962,115227,141596,112094,150768,201991,280313,285594,281181,264278,210898,273895,22088
,종로구,,4145,3466,3709,2484,1823,2129,1785,2394,2586,3503,3180,4340,2915,2590,3284,182
,중구,,3378,2520,2110,3238,2317,1903,2288,1745,2595,3721,3586,3217,3329,2317,3399,177
,용산구,,10550,6385,3702,4110,3005,2921,1994,2939,4702,5702,7046,8468,8367,5163,7622,412
,성동구,,10578,4844,4510,5803,2758,3637,2764,4125,6607,10241,8929,9182,6616,5303,6644,365
,광진구,,9458,6003,4735,5339,3137,3896,3400,3462,5291,7971,8076,8752,7340,5995,6832,448
,동대문구,,9938,7947,6342,5418,3371,4831,3757,5272,8257,10804,11131,9738,11688,11951,9684,660
,중랑구,,9711,8103,6412,4400,3700,5105,4417,5864,9157,11498,11093,10043,9782,7424,8932,765
,성북구,,18631,11197,9689,8614,6060,7199,4979,6954,8848,13242,12706,13128,14621,14553,12702,1019
,강북구,,10333,8304,7327,5142,3726,4794,3913,5345,6338,8810,8297,8009,6754,4883,9087,684
,도봉구,,13479,10595,8548,5609,3736,5782,4908,6213,7151,9917,9565,8115,7571,5312,8958,771
,노원구,,24519,14017,10341,9483,6074,7808,5947,8621,11476,15409,15928,14910,13488,10784,15439,896
,은평구,,15982,12473,16677,11556,12182,10768,7438,8667,11540,17741,18213,17587,18494,14044,20065,1866
,서대문구,,12210,8207,7001,5885,4197,4639,3907,4949,6843,10719,10816,10708,9575,9451,11483,431
,마포구,,13545,8729,8729,7106,4837,6348,4217,6197,8167,13221,14446,11699,11702,7589,11689,650
,양천구,,18866,7413,8148,9186,5822,7218,5363,6256,7785,12821,13510,10334,10669,8915,12811,893
,강서구,,21975,12736,15454,9712,6950,9353,7262,10685,15342,22593,20029,16490,13166,10712,16214,942
,구로구,,15368,8763,7859,6639,4143,7653,4738,6571,9287,11173,11487,11014,11497,8613,10790,638
,금천구,,5724,4092,3161,2243,1567,2491,2676,3803,5148,7058,7126,7184,7955,5331,6383,336
,영등포구,,10204,4829,6039,5476,3704,4377,3845,4847,6533,9526,10918,12067,13706,7410,10895,696
,동작구,,14708,7522,6852,6132,4558,5814,5394,7195,7246,11370,11905,11299,10901,7788,10990,1023
,관악구,,13394,8720,7571,5319,4250,5286,4521,5667,7706,11200,10208,9923,9137,7865,9517,681
,서초구,,12054,4524,4200,9107,5594,5570,4793,7179,11217,10938,11095,11697,12289,10496,10764,952
,강남구,,13731,5931,4860,10003,6165,7132,6175,7687,12888,13120,13713,12862,14731,10251,16097,4640
,송파구,,18039,9059,12578,11524,6557,8167,6588,12158,11455,15259,18678,18088,14686,14916,17055,1190
,강동구,,12872,6955,6643,11434,4994,6775,5025,5973,7826,12756,13913,22327,13299,11242,16559,771
부산,,,84503,70334,78871,90194,101009,113663,85931,107036,128800,158998,139617,131933,104400,110988,164614,7381
,중구,,631,465,534,632,843,1158,1106,1499,1200,1319,1219,1130,855,630,946,72
,서구,,2010,1491,1599,1663,2077,2305,2457,2517,3730,4543,3607,5098,5765,3462,4229,197
,동구,,1708,1271,1095,1383,1801,2172,1332,1566,2337,2821,3686,3485,3137,6090,4154,218
,영도구,,2063,1979,2114,2784,2255,2564,1742,2241,2354,3611,3224,3352,4779,2908,5364,213
,부산진구,,10687,8553,8236,9133,10883,14430,9843,10944,13762,17042,14944,19086,10094,15566,24655,1014
,동래구,,8203,6199,5277,6317,7532,10336,6011,7907,10539,13879,12784,9944,11325,14068,12475,404
,남구,,6880,5937,8659,10515,8803,9142,6313,11157,10775,15017,11957,9147,12348,10816,17551,529
,북구,,7657,6289,7917,7966,8883,9321,10321,8688,10827,14699,11740,7042,7667,7616,10062,387
,해운대구,,14822,12026,13518,12659,13437,15735,10764,10478,13651,18461,14501,11619,8663,10776,20320,806
,사하구,,6244,7101,9462,8413,9671,10537,7557,8754,9650,11485,12038,10915,6903,8819,11607,866
,금정구,,5847,4925,4143,4548,7805,8619,6929,7323,9019,9659,8375,8554,5746,4676,9984,384
,강서구,,658,571,1262,5949,2624,1822,1656,4476,6984,10663,10498,10014,2692,2732,5037,140
,연제구,,6052,4443,4950,4192,7383,6683,5560,6491,8643,12440,10342,8407,9370,6832,12669,625
,수영구,,4337,3987,3979,4919,5513,7265,5383,5103,10064,9720,8856,10233,4216,7426,10354,678
,사상구,,5441,3847,4135,4889,6595,4984,3517,5053,6594,5750,6010,5893,4205,4228,7738,332
,기장군,,1263,1250,1991,4232,4904,6590,5440,12839,8671,7889,5836,8014,6635,4343,7469,516
대구,,,65657,53311,55981,54067,51157,74965,68389,84141,87003,88922,67374,78530,78610,82348,116910,6450
,중구,,2913,2360,1933,1219,1123,2281,2330,3176,4316,4277,3146,2920,4054,4573,12398,637
,동구,,6617,6666,6277,7459,6898,9770,10782,13792,14218,14686,9482,9495,13273,12272,17866,948
,서구,,4345,2361,2661,2758,2852,4756,4822,4450,4289,4719,2800,3098,3974,4932,8999,730
,남구,,4627,2294,2759,2008,2153,3443,3629,3041,3594,4159,2458,4625,4476,4941,6713,207
,북구,,14112,10621,10574,12166,10169,13448,13314,13248,14753,16454,10204,14321,13679,14313,18729,634
,수성구,,14204,10744,11105,10454,9565,13855,10135,16780,15047,13588,9772,13357,12404,13085,15422,1420
,달서구,,14167,12890,13399,13589,15055,21867,18736,21143,17495,16059,10226,13395,15801,17826,23810,646
,달성군,,4672,5375,7273,4414,3342,5545,4641,8511,13291,14980,19286,17319,10949,10406,12973,1228
인천,,,98336,114652,114401,78737,62989,81256,66327,68275,85291,106224,107841,117491,110643,121143,158372,9565
,중구,,3998,3347,2662,2509,2726,1704,4493,4178,4932,3806,3861,7158,5068,6175,9374,402
,동구,,1971,2203,4026,3604,1970,1406,889,1292,1651,2111,1801,1485,4219,1508,3722,163
,남구,,14102,17159,18389,9978,9399,8712,7597,8899,11026,14440,19851,15427,7393,-,-,-
,미추홀구,,-,-,-,-,-,-,-,-,-,-,-,-,7852,15189,22759,1233
,연수구,,9704,8007,7238,9390,5926,10314,8130,8943,12525,16114,14812,21616,16913,19155,20213,1238
,남동구,,14191,25101,20443,18074,9604,18685,10625,11286,15562,21012,16432,18899,14765,13546,18576,2276
,부평구,,20572,21465,22110,11902,12329,11317,9665,11842,15336,20438,21201,19641,21863,18272,24740,1732
,계양구,,14522,16325,14353,9719,7730,7796,5987,8126,8385,11479,10427,10568,9406,9667,10338,780
,서구,,18315,18905,23151,12185,12158,20220,17705,12503,14367,15070,17596,20801,21431,35952,46464,1595
,강화군,,824,1999,1847,1216,955,927,1011,980,1273,1510,1544,1574,1415,1399,1885,131
,옹진군,,137,141,182,160,192,175,225,226,234,244,316,322,318,280,301,15
광주,,,52843,40092,39227,48522,40940,51322,41253,50314,61913,57374,44858,58186,60453,46011,64546,3418
,동구,,2202,2421,1510,1499,1569,3211,1990,2036,4570,4287,4540,6999,8572,5156,6746,373
,서구,,14602,8259,9509,7669,9788,10277,8053,8675,10610,10645,9855,9582,9694,8545,10908,615
,남구,,6379,4781,5865,5052,6022,6756,5124,6495,10251,9539,7156,9384,8909,7925,8563,453
,북구,,17928,13510,12705,10650,11911,13048,10971,15153,18068,17437,11371,15624,19094,12099,24074,1029
,광산구,,11732,11121,9638,23652,11650,18030,15115,17955,18414,15466,11936,16597,14184,12286,14255,948
대전,,,42080,32052,34371,38359,40958,52388,33396,36940,43298,40477,40436,43421,48520,55269,55032,3590
,동구,,8463,7403,7092,5319,6010,11673,5289,5879,5518,6097,5566,5477,9953,9537,8296,468
,중구,,6204,6901,5193,6063,7064,8254,5206,7219,6003,5955,5469,5592,5549,7889,7980,529
,서구,,11393,7576,9312,13303,13534,13387,8155,10650,13348,12404,14496,14682,17559,16737,14900,925
,유성구,,11962,6633,8341,9271,9499,13021,8722,8632,13978,11219,10891,13644,10223,14921,17474,1313
,대덕구,,4058,3539,4433,4403,4851,6053,6024,4560,4451,4802,4014,4026,5236,6185,6382,355
울산,,,39787,32364,32082,24926,33468,39182,33010,40417,48128,49493,33826,32204,26896,32546,42546,2357
,중구,,9094,6063,3247,3847,6304,5578,5442,8302,10444,10534,5116,5326,3668,4847,8863,506
,남구,,11719,7057,8231,8096,9296,10625,11197,8604,12551,14494,10513,8702,7069,8283,14897,721
,동구,,5157,5360,3847,3433,3474,6450,4812,6538,5884,3796,4589,2779,1843,1801,7277,283
,북구,,6110,6191,8491,4340,8363,8938,4629,9935,9282,9442,7406,8726,7789,11143,6343,425
,울주군,,7707,7693,8266,5210,6031,7591,6930,7038,9967,11227,6202,6671,6527,6472,5166,422
세종,,,-,-,-,-,-,-,6204,8158,17004,37627,22996,33096,30294,21667,26273,1210
,세종시,,-,-,-,-,-,-,6204,8158,17004,37627,22996,33096,30294,21667,26273,1210
경기,,,450757,299856,275248,285130,234142,263141,210779,262864,319526,418790,433418,504477,551129,481473,590982,44157
,수원시,,48162,23249,22446,24539,21149,28107,23408,29558,35675,37702,35549,40618,41241,38761,59645,3906
,,장안구,13565,5839,6109,5870,5111,6397,5491,9721,8239,8297,7080,7573,9990,5642,11196,665
,,권선구,13213,7285,6008,7418,4436,8133,6852,6025,10982,13549,11475,13310,11576,8585,16826,1212
,,팔달구,8959,4556,3638,4621,5368,4028,2568,3590,4974,5650,5734,5192,6263,10711,15706,624
,,영통구,12425,5569,6691,6630,6234,9549,8497,10222,11480,10206,11260,14543,13412,13823,15917,1405
,성남시,,35753,13490,12173,31035,13272,13165,9217,14000,17529,22026,30008,31774,20276,30466,30120,1646
,,수정구,10441,3304,2882,2779,1987,2000,1826,2265,3232,5417,12217,14283,4723,5230,8740,349
,,중원구,13296,5563,5304,3496,4040,3435,3012,4661,3970,5586,6609,5285,5587,12371,8171,566
,,분당구,12016,4623,3987,24760,7245,7730,4379,7074,10327,11023,11182,12206,9966,12865,13209,731
,의정부시,,15564,17768,13705,6164,4633,6515,5343,8314,10085,13951,13263,22648,15382,18096,20289,1272
,안양시,,27037,8603,11029,11409,8855,11203,9615,10831,14878,19084,20466,19256,23558,20467,21188,1531
,,만안구,10709,3879,4631,3758,3900,4422,3184,4753,6227,7876,8560,7918,9286,6788,8457,514
,,동안구,16328,4724,6398,7651,4955,6781,6431,6078,8651,11208,11906,11338,14272,13679,12731,1017
,부천시,,35216,21552,23191,17885,12787,18099,12504,14962,19858,29297,30008,27404,27556,26543,28588,1794
,,원미구,-,-,-,-,-,-,-,-,-,7159,5262,-,-,-,-,-
,,소사구,-,-,-,-,-,-,-,-,-,3857,3541,-,-,-,-,-
,,오정구,-,-,-,-,-,-,-,-,-,3821,3478,-,-,-,-,-
,광명시,,12861,9639,7272,8127,9664,8165,3877,6150,7631,9488,10595,12603,16054,9880,15187,730
,평택시,,15767,15171,10998,9231,9025,12576,9151,11083,12637,18591,22906,27757,28617,27698,31463,2387
,동두천시,,1741,3786,4927,7001,2649,3006,2635,2690,2520,3405,4431,2728,2855,2213,3521,795
,안산시,,24721,20281,15278,14470,10969,16795,13098,16185,19851,22699,19246,26214,16554,17427,29132,1428
,,상록구,13417,10495,8505,7257,6285,9582,7788,8732,10792,12171,9220,13289,7071,7565,13598,679
,,단원구,11304,9786,6773,7213,4684,7213,5310,7453,9059,10528,10026,12925,9483,9862,15534,749
,고양시,,36357,19148,17271,18547,17077,22139,17283,23936,24623,32994,34411,35727,33104,29277,39674,3285
,,덕양구,15283,9004,9992,8787,6234,6725,8751,10190,11633,15041,14310,19172,16826,12491,19764,2008
,,일산동구,8661,5522,2883,3810,6370,8084,4508,5801,5775,7711,9496,7956,8628,8063,8916,602
,,일산서구,12413,4622,4396,5950,4473,7330,4024,7945,7215,10242,10605,8599,7650,8723,10994,675
,과천시,,1102,203,246,945,468,491,575,661,836,1311,1475,1240,5303,5345,4403,157
,구리시,,9634,3526,4112,3406,2041,2996,1909,2630,3252,5344,7042,7358,7597,4194,6076,372
,남양주시,,24392,20804,17353,19964,16138,14291,15761,14831,16974,21691,17883,24057,30710,28642,27711,2379
,오산시,,7329,7612,5426,4725,6632,6777,3162,4959,5432,6088,5280,9278,7284,8395,9752,2516
,시흥시,,15908,15875,9959,10112,7239,9199,6765,9047,11549,14638,18718,20843,26047,22608,34382,1103
,군포시,,12297,5342,5639,5850,5369,5905,4164,5484,8142,8668,7331,7674,8486,5374,10134,928
,의왕시,,6673,2193,2023,3807,2227,3147,3019,3049,3809,4460,4134,7527,7524,8822,6882,474
,하남시,,5695,2218,4019,2540,1395,1940,1911,3041,5896,10647,18777,10851,15613,13595,11238,879
,용인시,,40467,18155,13684,28644,22067,19276,16489,23815,26882,32339,28859,37993,58330,37370,40847,4212
,,처인구,7374,5935,4532,3448,3510,3671,4027,4359,5600,6316,7041,10335,16720,7357,10186,2414
,,기흥구,20525,6270,4989,15657,8184,7898,5345,11338,12284,14730,11878,14103,19490,14276,16264,1015
,,수지구,12568,5950,4163,9539,10373,7707,7117,8118,8998,11293,9940,13555,22120,15737,14397,783
,파주시,,18995,5877,5278,6362,12292,6240,7178,8599,8632,13815,11216,12405,21113,12335,25496,1290
,이천시,,5770,5935,4651,5069,5704,5064,3940,3741,4705,5620,6582,6879,6097,5648,5548,481
,안성시,,3593,6914,5144,2956,5540,4923,3779,3355,3415,4655,6663,5032,8225,4653,7804,1679
,김포시,,8243,3627,8944,4285,4137,9191,9509,12328,13061,13254,15359,28433,29552,24996,26448,2780
,화성시,,12424,24235,25272,18541,12913,12744,8500,11716,18234,36977,31146,40270,54808,47230,40302,2408
,광주시,,9363,5352,5032,5063,5696,9213,6433,7686,9121,13334,15154,17608,17973,14259,16536,974
,양주시,,7552,8475,6137,6335,4791,4029,3240,3163,4793,6032,6056,8714,10258,7034,21924,1183
,포천시,,2317,3419,4103,2014,3691,2112,1874,2257,2644,3128,3111,3593,3283,2484,3761,781
,여주시,,-,-,-,-,-,-,-,584,3111,2937,2694,2434,2447,3006,5455,406
,여주군,,2733,3026,3092,2570,1469,2577,2564,1105,-,-,-,-,-,-,-,-
,연천군,,651,770,1401,766,690,456,623,453,528,718,664,667,790,538,770,43
,가평군,,873,1777,2339,1026,931,1011,1441,1028,1407,1572,1434,1479,1669,1332,1928,87
,양평군,,1567,1834,3104,1742,2632,1789,1812,1623,1816,2325,2957,3413,2823,2785,4778,251
강원,,,38721,33782,41978,34108,33030,39134,32660,34264,42416,42673,56582,54792,53474,50231,58990,4647
,춘천시,,7577,8492,10003,8953,7695,7846,5830,6432,8632,8814,15694,10189,9443,11169,11596,717
,원주시,,12481,7962,11058,7555,7740,10988,9522,8778,12651,12269,14535,16282,13337,14444,17997,1319
,강릉시,,4334,4158,5345,3715,3861,5071,4041,4298,5498,5568,6821,7380,8413,6745,7118,839
,동해시,,1692,1694,3189,1436,1828,1756,1574,1824,2705,1915,2530,3237,2604,2149,3064,237
,태백시,,935,1098,1625,1450,1551,1372,1170,2531,1890,1122,957,878,1100,1176,1078,78
,속초시,,3447,2834,2117,2156,2291,2564,2084,1828,2150,3272,5855,5583,5784,4542,6474,598
,삼척시,,729,664,1274,1569,1790,2083,938,942,1654,1760,1210,1398,2302,1080,1496,119
,홍천군,,1563,1406,1335,1599,1019,1380,1305,1486,1282,1287,2018,1438,1248,1264,1480,101
,횡성군,,593,655,760,903,687,912,828,759,754,911,952,1151,1752,1159,1422,90
,영월군,,652,757,632,635,666,751,896,780,654,641,846,909,827,965,913,58
,평창군,,1498,1169,1024,1044,917,1293,992,1124,1193,1380,1563,2078,1995,1421,1770,96
,정선군,,792,787,609,511,643,579,693,760,857,727,641,727,702,751,699,56
,철원군,,558,603,737,751,557,581,568,512,540,498,695,568,527,493,608,58
,화천군,,200,204,267,283,230,247,215,226,330,279,250,447,218,245,266,12
,양구군,,180,179,180,191,288,259,171,308,215,617,233,305,395,340,303,22
,인제군,,403,367,428,341,304,464,278,326,375,387,372,421,646,479,621,31
,고성군,,689,385,402,399,348,421,426,305,421,492,468,470,948,885,1047,113
,양양군,,398,368,993,617,615,567,1129,1045,615,734,942,1331,1233,924,1038,103
충북,,,40259,38713,42340,39190,38595,42402,37432,39131,44459,43439,45707,47511,54604,43465,54802,5674
,청주시,,-,-,-,-,-,-,-,-,13723,25296,23805,25856,31813,26991,33252,2185
,,상당구,-,-,-,-,-,-,-,-,2717,5022,4999,5288,7728,6268,10408,514
,,서원구,-,-,-,-,-,-,-,-,3882,5134,4799,4180,3848,4963,6732,542
,,흥덕구,-,-,-,-,-,-,-,-,3694,8032,6270,10816,11237,11622,10546,732
,,청원구,-,-,-,-,-,-,-,-,3430,7108,7737,5572,9000,4138,5566,397
,(구)청주시,,15654,18387,19944,19635,18046,18866,19254,21217,10334,-,-,-,-,-,-,-
,,(구)상당구,5706,5264,6536,6740,5633,7102,7742,10400,4798,-,-,-,-,-,-,-
,,(구)흥덕구,9948,13123,13408,12895,12413,11764,11512,10817,5536,-,-,-,-,-,-,-
,충주시,,5033,6432,6458,5755,6083,5001,4883,4816,5889,5196,8121,7418,8241,5230,7540,724
,제천시,,2762,3232,3454,2535,3504,3267,2625,2566,3004,3517,3851,4008,3539,2898,3691,376
,(구)청원군,,10745,3183,3718,4197,4868,6521,3385,3736,2087,-,-,-,-,-,-,-
,보은군,,427,316,374,367,384,452,442,491,478,569,575,617,615,844,710,35
,옥천군,,702,987,867,749,812,862,831,818,880,817,767,1260,1105,987,1204,322
,영동군,,440,841,668,1063,523,686,698,679,684,816,1506,828,758,757,827,98
,증평군,,1032,857,1448,1034,732,712,622,711,817,1016,782,591,472,465,2130,62
,진천군,,1264,1814,1814,1455,1232,2422,1345,1287,1565,1949,2806,2328,4433,1706,1836,1534
,괴산군,,350,321,341,481,416,440,459,477,514,684,574,724,517,573,655,43
,음성군,,1379,1696,2659,1460,1476,2706,2432,1837,3844,3032,2406,3321,2352,2489,2450,259
,단양군,,471,647,595,459,519,467,456,496,640,547,514,560,759,525,507,36
충남,,,49026,47930,59265,55072,52928,66707,56697,52691,67300,67654,63271,69652,63121,59495,84055,6080
,천안시,,16353,16724,17287,16250,19959,24517,19350,19515,24719,25044,23237,25889,25272,25536,32702,1901
,,동남구,-,-,4734,6756,7549,10223,8734,7555,10659,8818,5420,7804,8215,10041,12501,1127
,,서북구,-,-,6054,9494,12410,14294,10616,11960,14060,16226,17817,18085,17057,15495,20201,774
,공주시,,2058,1253,1351,2149,2404,3710,2452,2292,2007,1904,1783,2822,2513,1640,3511,204
,보령시,,1915,1601,1856,1836,1374,1758,1255,1956,1594,2183,1613,3465,1853,2049,2437,125
,아산시,,9110,7364,15163,12822,7915,14699,12273,9115,14465,12939,11494,16581,9132,12425,13084,1407
,서산시,,3363,4867,5630,3466,3677,4205,3644,4662,5450,6390,6531,6206,7236,3911,6377,580
,논산시,,996,1728,1587,1746,2660,1673,1516,2807,2386,2714,2116,2340,2551,2462,2477,149
,계룡시,,1391,1036,2115,1570,1597,1402,1065,857,831,843,1353,982,687,844,3212,105
,당진시,,-,-,-,-,-,-,4383,4265,5130,6146,5386,3374,5217,3088,8004,871
,금산군,,637,681,745,864,799,864,691,811,1163,1535,970,822,875,833,1766,79
,연기군,,2357,1599,2145,2688,2305,3402,2864,-,-,-,-,-,-,-,-,-
,부여군,,709,575,584,743,748,894,829,881,963,885,802,968,1435,968,1494,102
,서천군,,520,644,654,917,862,996,1020,973,1059,1062,929,918,1167,898,1188,85
,청양군,,306,527,217,229,230,249,394,298,471,353,370,360,338,384,431,25
,홍성군,,2063,1117,924,1711,1402,1125,2172,2050,3747,2964,4098,1764,1504,1626,2339,171
,예산군,,2147,1011,1860,1581,1219,1608,1684,1503,1438,1426,1213,1912,1874,1444,3208,149
,태안군,,929,708,992,828,682,1111,1105,706,1877,1266,1376,1249,1467,1387,1825,127
,당진군,,4172,6495,6155,5672,5095,4494,-,-,-,-,-,-,-,-,-,-
전북,,,39197,34677,50737,47539,41675,50266,36971,38854,46497,47483,46244,49900,59699,47115,60439,5093
,전주시,,18516,15409,21276,19083,18229,17898,15231,17104,20319,21164,22274,23754,30971,23331,26451,2532
,,완산구,10438,8930,12746,10547,10093,10680,6173,8888,11588,11188,9326,11396,13293,8664,14248,1871
,,덕진구,8078,6479,8530,8536,8136,7218,9058,8216,8731,9976,12948,12358,17678,14667,12203,661
,군산시,,6600,6538,12661,11224,8318,10984,5606,4977,7134,8811,5860,5997,9554,7646,9231,718
,익산시,,7308,5589,8929,7899,7773,9429,7398,7113,7632,7832,7702,7756,8461,5888,8566,949
,정읍시,,1577,1848,1251,1415,1640,3648,1468,1470,2821,1868,1801,3097,2017,1976,3412,162
,남원시,,797,1308,1242,1007,1071,1304,1691,1555,1618,1181,1501,1148,1026,1276,1953,133
,김제시,,770,743,1167,1911,915,1047,911,1030,2318,1889,2323,1608,1345,1321,1599,126
,완주군,,1543,1249,1595,1701,1639,3354,2283,2539,1463,1393,1815,2715,2148,2441,5139,181
,진안군,,249,295,396,301,235,277,258,283,286,291,287,272,359,271,415,26
,무주군,,241,220,230,176,188,293,258,300,335,320,346,328,336,322,422,30
,장수군,,156,167,156,154,150,212,193,237,322,246,265,220,289,247,289,20
,임실군,,141,164,160,179,173,304,235,264,257,265,322,426,385,268,294,25
,순창군,,148,198,177,207,206,252,281,369,319,286,270,439,409,374,360,30
,고창군,,378,402,413,1106,490,554,481,638,593,642,692,1040,826,810,898,50
,부안군,,773,547,1084,1176,648,710,677,975,1080,1295,786,1100,1573,944,1410,111
전남,,,28239,27955,34236,31916,36186,43036,36383,36456,39626,49470,45339,47877,54022,51051,65544,6368
,목포시,,5444,6157,6768,6889,7021,6537,5040,5386,6127,8118,6816,7290,7521,5163,8140,1082
,여수시,,4260,4504,5187,4673,7274,8136,6012,6451,6527,5927,6685,8046,8190,10934,11274,676
,순천시,,7505,6098,5174,7018,6744,7742,7050,7075,6673,10322,8687,7838,10651,10911,15984,984
,나주시,,1624,1360,989,1357,1116,1296,1405,1320,3711,7661,6240,4325,4775,2549,3390,1652
,광양시,,2123,3172,8007,3516,5228,7575,5123,3902,4525,3611,3980,7254,5851,6765,8634,424
,담양군,,382,358,386,449,433,482,522,583,656,927,663,752,1109,1012,1096,71
,곡성군,,249,215,253,243,268,324,254,297,352,392,370,397,416,502,575,45
,구례군,,198,237,228,303,366,484,579,347,555,478,397,335,410,392,452,34
,고흥군,,550,500,541,524,604,636,675,844,927,1089,971,1027,1111,1006,1384,90
,보성군,,337,351,366,453,430,939,469,567,541,604,648,737,642,611,750,56
,화순군,,1015,647,703,830,1061,1845,1193,1124,1106,1931,1360,943,1712,2915,1554,115
,장흥군,,268,265,379,690,560,507,441,487,614,628,646,669,745,776,745,52
,강진군,,373,285,343,355,350,427,434,616,499,535,540,663,795,696,748,66
,해남군,,801,611,692,786,686,730,886,727,899,1283,916,1519,1021,1008,1179,144
,영암군,,672,347,473,432,449,651,1558,878,773,1416,1725,1363,981,923,1767,149
,무안군,,653,1014,1483,1137,970,2227,2087,3187,2305,1579,1610,1733,4847,1776,3839,250
,함평군,,161,256,507,206,227,215,247,331,326,358,286,293,362,383,551,34
,영광군,,411,405,529,778,776,772,766,658,824,645,642,858,856,784,1106,74
,장성군,,572,485,433,382,681,498,598,566,609,678,554,561,650,639,853,69
,완도군,,341,372,387,442,437,523,536,534,491,630,907,604,610,562,680,237
,진도군,,183,215,271,249,340,269,288,313,307,340,393,364,462,405,480,35
,신안군,,117,101,137,204,165,221,220,263,279,318,303,306,305,339,363,29
경북,,,59910,53477,48772,50519,54487,71043,59126,68558,78634,94760,69876,76185,64437,56605,78593,9352
,포항시,,16550,13517,13230,11585,12500,18251,15720,18147,18030,18940,13083,13912,12757,12017,18019,2201
,,남구,6454,7068,5370,4774,5377,6492,6308,6510,5949,7002,6473,5529,5526,4625,6378,1290
,,북구,10096,6449,7860,6811,7123,11759,9412,11637,12081,11938,6610,8383,7231,7392,11641,911
,경주시,,5857,5058,3993,5027,5848,6270,5737,5589,6052,8936,5923,6337,6460,4618,8256,734
,김천시,,2428,2832,1611,1603,1527,2789,2477,2878,3871,6052,4924,2959,2730,3064,3205,405
,안동시,,2600,2895,2445,2476,3119,3621,3386,3376,4851,4776,3536,4066,3166,2929,3724,358
,구미시,,12862,11056,8226,12446,11731,17757,10931,15494,15439,19067,12688,16879,11552,8969,15612,1359
,영주시,,1164,2455,2625,1933,1567,1879,1825,1891,1818,1881,2355,1565,1545,2431,2063,142
,영천시,,1731,1563,1900,1680,2265,1996,1865,2113,3214,3442,2301,3246,2604,2404,2617,302
,상주시,,1116,2033,1406,1118,1445,1539,1478,2083,1762,2348,1941,1795,2313,1559,2417,146
,문경시,,940,797,1304,1410,1116,1252,1123,1120,1822,1319,1372,1537,1139,1038,1381,105
,경산시,,7291,4892,4275,4903,6657,7078,6657,6097,11657,13725,9978,9474,9725,8263,10971,2481
,군위군,,201,190,202,191,206,259,242,306,354,343,363,302,317,306,401,29
,의성군,,518,433,533,471,443,540,552,588,632,893,715,701,643,698,749,62
,청송군,,190,234,214,226,239,336,287,270,332,340,319,317,340,272,365,37
,영양군,,174,111,169,171,172,221,208,212,219,223,269,209,228,230,268,19
,영덕군,,443,460,370,447,444,500,450,565,641,633,1097,746,569,583,642,41
,청도군,,565,511,464,514,507,692,657,883,949,1014,855,838,808,772,911,82
,고령군,,454,381,559,314,559,628,504,516,490,597,485,471,428,377,516,45
,성주군,,458,407,342,372,366,423,485,779,550,741,524,898,584,598,647,224
,칠곡군,,2643,2244,3434,2171,2290,3135,2470,3897,3890,7019,2959,3333,2690,2396,2660,243
,예천군,,335,311,354,372,382,592,567,555,470,857,2449,4940,2364,1524,1393,212
,봉화군,,366,306,316,348,386,480,370,416,482,535,560,549,437,511,483,32
,울진군,,932,654,703,612,623,671,1012,690,1015,1001,1067,1011,949,944,1176,88
,울릉군,,92,137,97,129,95,134,123,93,94,78,113,100,89,102,117,5
경남,,,72877,68576,81813,77105,89918,88755,75269,94553,119263,117188,100245,113816,77257,85883,111858,8097
,(구)창원시,,10634,9003,8313,10067,5847,-,-,-,-,-,-,-,-,-,-,-
,창원시,,-,-,-,-,13403,29611,16968,22755,34174,38093,21850,28333,17764,22333,37056,2064
,,의창구,-,-,-,-,2264,6972,3582,4824,9074,8793,3618,8901,3514,9510,10439,244
,,성산구,-,-,-,-,3868,7706,3745,5513,8019,6485,3522,3861,3527,4855,8600,204
,,마산합포구,-,-,-,-,2432,5083,2498,2940,4589,5779,3994,5052,2703,2333,6769,893
,,마산회원구,-,-,-,-,2366,4815,4046,4663,4836,7547,4991,4594,3834,2959,6120,297
,,진해구,-,-,-,-,2473,5035,3097,4815,7656,9489,5725,5925,4186,2676,5128,426
,마산시,,8304,6961,7185,8830,7059,-,-,-,-,-,-,-,-,-,-,-
,진주시,,7284,6227,6035,6959,8758,10827,6558,6432,13068,12384,11798,12504,10572,11816,10117,964
,진해시,,4859,2923,7070,4528,2514,-,-,-,-,-,-,-,-,-,-,-
,통영시,,2469,3236,4637,3840,4478,3181,2944,3479,4329,4855,3585,3092,3978,2339,2627,241
,사천시,,4073,4208,2707,1728,3082,3126,2348,2893,2703,3132,2949,6548,3008,1963,2537,234
,김해시,,13174,13112,16480,14421,16062,12407,19374,25908,20217,18328,15928,15957,12039,22419,22195,1386
,밀양시,,1565,2210,1567,1287,1395,2404,1795,1740,2588,2793,2977,3909,2706,2112,2752,532
,거제시,,5955,5550,7998,8232,7805,9088,9458,9605,13096,10370,6854,7085,8238,4262,7758,704
,양산시,,7389,8970,11919,8747,12773,9676,7275,14484,18763,17460,24214,27129,11595,11589,18434,1347
,의령군,,224,241,276,279,296,322,327,375,442,439,424,359,436,422,460,27
,함안군,,2624,1290,2887,2949,1354,1592,1818,1120,2682,1886,1218,1551,887,744,1132,91
,창녕군,,798,785,767,884,844,1542,1151,896,1237,1627,1696,1657,987,1026,994,76
,고성군,,682,1088,880,1152,714,1315,802,940,1370,1041,1377,935,717,676,877,61
,남해군,,545,482,499,592,520,670,709,654,952,872,802,950,745,786,1067,80
,하동군,,328,356,421,626,558,623,1159,639,620,642,639,633,600,532,690,57
,산청군,,318,327,308,332,423,364,389,465,496,800,558,522,480,441,740,40
,함양군,,502,573,484,508,554,595,703,575,581,598,696,676,490,797,622,45
,거창군,,741,686,1018,744,853,882,916,978,1290,1088,2107,1255,1419,1002,1124,90
,합천군,,409,348,362,400,626,530,575,615,655,780,573,721,596,624,676,58
(구)제주,,,5148,-,-,-,-,-,-,-,-,-,-,-,-,-,-,-
,(구)제주시,,3873,-,-,-,-,-,-,-,-,-,-,-,-,-,-,-
,(구)서귀포시,,549,-,-,-,-,-,-,-,-,-,-,-,-,-,-,-
,(구)북제주군,,466,-,-,-,-,-,-,-,-,-,-,-,-,-,-,-
,(구)남제주군,,260,-,-,-,-,-,-,-,-,-,-,-,-,-,-,-
제주,,,4203,7469,7223,7291,10520,12537,12085,13859,15974,19910,20808,19409,17394,13310,14414,1535
,제주시,,3455,5834,5271,5598,8638,10068,9608,10582,11857,12359,13437,13317,12144,9519,10174,1009
,서귀포시,,748,1635,1952,1693,1882,2469,2477,3277,4117,7551,7371,6092,5250,3791,4240,526
